,B,T,dB/dt_1,dT/dt_1,dB/dt_2,dT/dt_2
0,1094.0899393058817,10001.908713781491,940.8993930588167,19.08713781491315,984.3526557443654,21.23810024063054
1,1197.0274846400591,10004.260984861763,1029.3754533417746,23.522710802717484,1076.9654749151814,25.877258373149957
2,1309.6435600685977,10007.098811393338,1126.1607542853858,28.37826531575047,1178.2860320863385,30.95591963799996
3,1432.8469196052613,10010.468221414918,1232.0335953666358,33.694100215798244,1289.1319235880894,36.516297476911475
4,1567.6313966175444,10014.419668612467,1347.844770122831,39.51447197548987,1410.3972893950474,42.60475903928034
5,1715.0838204518109,10019.008468717158,1474.5242383426648,45.888001046914724,1543.0599352269799,49.27225323509107
6,1876.3926601006792,10024.295281052759,1613.0883964886834,52.86812335600189,1688.18910866797,56.574786609273986
7,2052.857459783463,10030.34664030934,1764.647996827839,60.513592565821455,1846.9539876473737,64.57395306861245
8,2245.899136719793,10037.235544266303,1930.4167693633008,68.88903956962167,2020.6329444884964,73.33752437369844
9,2457.071217159696,10045.042103929023,2111.7208043990286,78.06559662720247,2210.6236539288648,82.94010933824447
10,2688.072092899532,10053.854263396457,2310.008757398359,88.12159467433958,2418.454119057433,93.46389088430739
11,2940.758387067389,10063.768597760725,2526.862941678569,99.14334364268143,2645.794695003369,104.99945151843616
12,3217.1595249034917,10074.891198477362,2764.0113783610286,111.22600716636953,2894.471196447696,117.64669946122848
13,3519.49361258373,10087.33865696376,3023.340876802381,124.47458486398318,3166.4791816062225,131.5159096306895
14,3850.1847348214237,10101.239158716568,3306.911222376939,139.0050175280703,3463.9995122349314,146.72889600811277
15,4211.881790006726,10116.733702025744,3616.9705518530236,154.94543309176152,3789.4152964124364,163.42033467692093
16,4607.4789899634225,10133.977457451512,3955.971999566964,172.4375542576854,4145.330328320481,181.73926010900428
17,5040.1381599609085,10153.14128667784,4326.591699974861,191.63829226326925,4534.589146919544,201.8507611883701
18,5513.312983335148,10174.413442232064,4731.748233742392,212.7215555422481,4960.298843229767,223.93790814169978
19,6030.775343840849,10198.001472949169,5174.623605057013,235.8803071710463,5425.852753781579,248.20394715355755
20,6596.643927540885,10224.134364063464,5658.685837000357,261.3289111429549,5934.956185570785,274.87480618239823
21,7215.415254462883,10253.064945555334,6187.713269219985,289.30581491869816,6491.654325380201,304.20196361165875
22,7891.997318196181,10285.072608018894,6765.820637332981,320.07662463560337,7100.362493413365,336.46574117726857
23,8631.746018789057,10320.466372035467,7397.4870059287605,353.93764016573186,7765.898907574586,371.9790944931864
24,9440.504580395746,10359.58836506801,8087.585616066881,391.2199303254238,8493.52013011383,411.09198892928504
25,10324.64614969691,10402.817769517149,8841.41569301164,432.2940444913911,9288.959372354317,454.19646618054907
26,11291.119773667058,10450.575317151686,9664.736239701488,477.5754763453733,10158.467835372063,501.7325283555725
27,12347.499955171854,10503.328419081286,10563.801815047955,527.5310192960023,11108.859264239156,554.1949927534988
28,13502.039981406935,10561.597037319356,11545.400262350813,582.6861823806939,12147.55789010228,612.141502889783
29,14763.729212453058,10625.960424467772,12616.892310461226,643.6338714841622,13282.64992713788,676.2019212923724
30,16142.35450416854,10697.064882992052,13786.252917154816,711.0445852427983,14522.938779346825,747.0893790566965
31,17648.565920027846,10775.632726014865,15062.114158593067,785.6784302281267,15878.004094090209,825.6133185950305
32,19293.946858886877,10862.472658887827,16453.809388590307,868.3993287296289,17358.26477389109,912.694942620234
33,21091.088688310854,10958.49184671791,17971.418294239775,960.1918783008296,18975.046023776893,1009.3855782608543
34,23053.669924069123,11064.709989704505,19625.81235758269,1062.181429865941,20740.650466504965,1116.8885856157178
35,25196.53993341593,11182.275798371047,21428.70009346807,1175.6580866654258,22668.433300313336,1236.5855919151306
36,27535.807060250012,11312.486348125985,23392.67126834082,1302.1054975493826,24772.8814009814,1370.068024766939
37,30088.930971252263,11456.809901670771,25531.239110022507,1443.2355354478568,27069.69617925857,1519.1751625449122
38,32874.81890036307,11616.912924557164,27858.87929110806,1601.0302288639286,29575.87989306948,1686.040232403707
39,35913.925320853465,11794.69219145055,30391.06420490396,1777.7926689338528,32309.824977931734,1873.1464873218765
40,39228.35439581163,11992.313098537628,33144.29074958163,1976.209070870791,35291.40579498282,2083.3957104714505
41,42841.96434486545,12212.255574373465,36136.099490538254,2199.4247583583638,38542.07199984228,2320.1922648863697
42,46780.472612941085,12457.369334924668,39385.08268075631,2451.137605512031,42084.94250289693,2587.5466783700203
43,51071.560431270016,12730.940682041737,42910.878183289315,2735.713471170693,45944.89871795133,2890.203894844421
44,55744.97501724086,13036.773629336327,46734.14585970844,3058.3294729458976,50148.67547690859,3233.8028250653592
45,60832.627263904535,13379.288897403881,50876.52246663674,3425.1526806755464,54724.94761867753,3625.0758165706684
46,66368.68231848702,13763.645308167599,55360.55054582481,3843.5641076371758,59704.40983654826,4072.099306646624
47,72389.63993971238,14195.889402767434,60209.576212253596,4322.440945998351,65119.84688606643,4584.610460878659
48,78934.4009552544,14683.140814017994,65447.61015542026,4872.514112505596,71006.19071200008,5174.409365053454
49,86044.31551462843,15233.82318758651,71099.14559374025,5506.823735685157,77400.56044650018,5855.872794885159
50,93763.20815373118,15857.953465780885,77188.92639102749,6241.302781943759,84342.28056060695,6646.614392964693
51,102137.3739633579,16567.506402933745,83741.6580962672,7095.529371528592,91872.8717191086,7568.338169097251
52,111215.53939855531,17376.87666280839,90781.65435197414,8093.7025987464585,100036.00809736628,8647.948945367947
53,121048.78049762486,18303.468308516625,98332.4109906955,9265.916457082349,108877.4340723337,9919.00661803903
54,131690.39052472264,19368.45171987791,106416.10027097777,10649.834113612851,118444.83230312487,11423.643704009151
55,143195.6883414226,20597.74208819481,115052.97816699953,12292.903683168988,128787.6342715824,13215.111676844712
56,155621.75819091155,22023.273270644535,124260.69849488966,14255.311824497257,139956.7633565955,15361.187118576936
57,169027.11109096496,23684.668303514205,134053.52900053404,16613.9503286967,152004.29945005372,17948.76270095854
58,183471.2577302965,25631.446749362323,144441.46639331535,19467.784458481183,164983.05294409028,21090.08392558859
59,199014.18269911234,27925.96442737603,155429.24968815845,22945.17678013708,178946.03453960316,24931.290739297605
60,215715.71010284428,30647.360616386817,167015.27403731947,27213.961890107857,193945.80557781563,29664.21460191233
61,233634.75113180705,33896.90306451812,179190.41028962762,32495.42448131302,210033.6911832778,35542.813973698896
62,252828.42497237734,37805.28960425966,191936.73840570293,39083.86539741543,227258.83492035154,42906.278407321086
63,273351.0454599366,42542.71368637636,205226.20487559267,47374.24082116697,245667.06805605674,52211.80908460993
64,295252.9668859149,48332.87118067969,219019.21425978304,57901.57494303334,265299.5574888971,64081.57422464094
65,318579.2829891306,55472.64203903288,233263.1610321568,71397.70858353186,286191.1816544283,79370.63197067578
66,343368.3726985689,64360.02473517227,247890.89709438325,88873.82696139393,308368.55951990734,99266.17825144237
67,369650.28350220615,75534.19566050294,262819.10803637234,111741.70925330669,331847.61804678506,125434.07003222266
68,397444.9365205277,89733.56949408045,277946.5301832155,141993.73833577512,356630.51828353485,160237.4337464248
69,426760.12344140594,107980.87017756661,293151.86920878245,182473.0068348616,382701.6532126767,207066.33625180222
70,457589.23956174543,131709.17152681007,308291.1612033949,237283.01349243455,410022.2546163031,270840.36270989716
71,489908.651429632,162950.76082292802,323194.1186788655,312415.8929611795,438522.856662143,358783.18154856504
72,523674.5192284484,204623.3898414618,337658.6779881641,416726.2901853377,468092.3856466599,481629.30334999674
73,558818.7621902375,260969.12698586547,351442.4296178913,563457.3714440368,498561.85263585055,655524.2867489265
74,595243.6355016859,338234.834569817,364248.73311448377,772657.0758395153,529679.3079740378,905047.5390851257
75,632814.0223393454,445739.00697104156,375703.8683765952,1075041.7240122454,561070.5232879642,1268066.4533974873
76,671345.9407275134,597561.8592869337,385319.1838816798,1518228.5231589212,592176.224797786,1803595.1053404044
77,710588.7685816835,815247.9671737535,392428.27854170115,2176861.0788681987,622150.7102510337,2604594.5265641455
78,750197.0597908717,1132161.1286136748,396082.91209188174,3169131.6143992124,649697.0353149198,3818877.723369603
79,789685.2038321928,1600534.980779586,394881.44041321124,4683738.521659111,672799.1196728491,5683153.068472485
80,828354.1296659403,2302889.0087104505,386689.2583374749,7023540.279308646,688290.4880835181,8577786.203149835
81,865173.4895734166,3370370.478900329,368193.5990747635,10674814.701898787,691177.4849645123,13112361.310393492
82,898596.0947603184,5011604.805169056,334226.05186901754,16412343.26268727,673634.2300920777,20251305.785376843
83,926278.5504611252,7556027.362426847,276824.5570080681,25444225.57257791,623681.1132396125,31474280.44969523
84,944698.8630993441,11512894.513728132,184203.12638218864,39568671.51301285,523942.4260463604,48910746.50681894
85,948739.0121352441,17634714.626531582,40401.49035900016,61218201.128034495,351942.8588998443,75238960.602327
86,931515.002946866,26939465.083535224,-172240.09188378113,93047504.57003641,85528.02575189027,112849891.03280947
87,885146.0429172697,40580883.22832219,-463689.6002959623,136414181.4478697,-280968.80760357284,161526410.46132803
88,803500.9678406834,59402797.543433785,-816450.7507658633,188219143.15111592,-708755.2885011814,214619596.10054782
89,687155.0761202651,83148248.87234409,-1163458.9172041835,237454513.28910306,-1095632.6699860317,256878020.67729798
90,547649.3529666772,109804017.75523745,-1395057.231535879,266557688.82893354,-1311138.5606339101,270295995.4958732
91,405438.40480346174,135985265.25521,-1422109.4816321542,261812474.99972567,-1289114.906332323,247720661.85560122
92,280537.3270106463,158488159.74206135,-1249010.7779281544,225028944.86851335,-1081371.7465966446,199634534.28865615
93,183776.67350597377,175694444.6752804,-967606.5350467252,172062849.33219045,-803257.2117216948,144806488.2364699
94,115676.51119865723,187700412.67199832,-681001.6230731653,120059679.9671793,-547267.0065745583,97180818.84252088
95,70875.29642011345,195545909.3896437,-448012.1477854378,78454967.17645377,-351993.4619738471,61819655.766501375
96,42684.34069322524,200449048.38491565,-281909.55726888205,49031389.95271951,-218265.15756293316,37940902.29254761
97,25435.643649159083,203422211.4638165,-172486.97044066156,29731630.78900844,-132333.1671492824,22714204.772930153
98,15061.22431957153,205185806.89688247,-103744.19329587554,17635954.330659807,-79155.38205837263,13332052.33258678
99,8885.054240762744,206211697.8761583,-61761.70078808785,10258909.792758226,-46969.5148045969,7667516.789139262
100,5230.352525811999,206794866.12109315,-36547.01714950745,5831682.449348569,-27740.98423701161,4288219.6013973
101,3075.277153728282,207114845.58472776,-21550.75372083717,3199794.6363461018,-16340.317146384772,2286288.4200737956
102,1807.0235902365068,207279227.15006843,-12682.535634917751,1643815.6534066796,-9610.432365572096,1105131.203497551
103,1061.4842606958164,207351912.59049067,-7455.393295406904,726854.4042223692,-5647.68791457318,409868.2071265384
104,623.4737921626581,207370659.59126368,-4380.104685331582,187470.00773012638,-3317.578732612714,1167.9249783274718
105,366.20777922834833,207357712.21139675,-2572.6601293430977,-129473.79866927862,-1948.4932175386837,-238889.5613652814
106,215.11510557615355,207326153.2692895,-1510.9267365219478,-315589.4210726023,-1144.3660254580916,-379817.7860825161
107,126.37623331891882,207283670.4683733,-887.3887225723473,-424828.00916194916,-672.1332750823638,-462513.4945510366
108,74.25422019619819,207234779.17593774,-521.2201312272063,-488912.9243555665,-394.81290958063926,-511011.1255290431
109,43.63590849407895,207182130.96713662,-306.1831170211924,-526482.0880112052,-231.94509761003653,-539427.3544197765
110,25.647055515059588,207127282.86696783,-179.8885297901936,-548481.0016879439,-136.2837977076236,-556051.4698768333
111,15.076607727217137,207071149.21366122,-105.7044778784245,-561336.5330660343,-80.08896769505708,-565750.5306008186
112,8.864282195039069,207014266.99012476,-62.12325532178068,-568822.2353646159,-47.07313245445364,-571382.2996078511
113,5.212643351243541,206956951.60191303,-36.51638843795528,-573153.8821172714,-27.672404316721106,-574624.8969854304
114,3.065824874800814,206899388.33418867,-21.468184764427267,-575632.67724365,-16.27027635276014,-576463.8595247162
115,1.803481917877299,206841686.04930913,-12.623429569235151,-577022.8487953544,-9.567923493505894,-577478.0623551263
116,1.0610881882741552,206783908.71798348,-7.423937296031437,-577773.3132565022,-5.6274995225276605,-578007.5725765576
117,0.6244051409877287,206726093.93683568,-4.366830472864264,-578147.8114780784,-3.3104604480252133,-578252.1992619027
118,0.3674995324249876,206668263.80501097,-2.5690560856274107,-578301.3182470202,-1.9477651302802765,-578329.3614476114
119,0.2163328393431301,206610431.3137609,-1.511666930818575,-578324.9125006795,-1.1461990819116223,-578308.0728829324
120,0.127368913682552,206552604.10069925,-0.8896392566057811,-578272.1306166053,-0.6746194017639521,-578228.9037683462
121,0.07500319484456253,206494786.65602046,-0.5236571883798946,-578174.4467878342,-0.39713018617832985,-578115.7076776265
122,0.044174474320624206,206436981.61922303,-0.3082872052393832,-578050.3679743409,-0.23382032741240436,-577982.5119306793
123,0.02602185834061973,206379190.5414003,-0.18152615980004477,-577910.7782271504,-0.1376914293150448,-577837.5668506476
124,0.015331353545750942,206321414.33343783,-0.10690504794868787,-577762.0796248317,-0.0810973782249832,-577685.7257941634
125,0.009034371425202383,206263653.529581,-0.06296982120548558,-577608.0385681987,-0.04777293944248259,-577529.844301768
126,0.005324644486766211,206205908.44245648,-0.037097269384361725,-577450.871245265,-0.028147014567712726,-577371.6027596872
127,0.0031387628415778927,206148179.2542657,-0.021858816451883176,-577291.8819078803,-0.016586620789646726,-577211.9901858418
128,0.0018505532197277692,206090466.07044035,-0.012882096218501234,-577131.8382534385,-0.009775943368500507,-577051.5887810431
129,0.0010912388670713848,206032768.951217,-0.007593143526563844,-576971.1922335625,-0.005762813980732945,-576890.7413240634
130,0.0006435958298611459,205975087.93022093,-0.004476430372102388,-576810.2099606395,-0.003397704982540159,-576729.6496634341
131,0.0003796485493307533,205917423.02540603,-0.002639472805303926,-576649.0481489897,-0.0020036038336079956,-576568.4326780076
132,0.00022398832130015407,205859774.24549586,-0.0015566022803059924,-576487.7991017699,-0.0011817160685241804,-576407.1603915547
133,0.00013217340886663027,205802141.5937767,-0.0009181491243352379,-576326.5171915293,-0.0006970910502151042,-576245.8740555071
134,7.800777161659454e-05,205744525.07033157,-0.0005416563725003573,-576165.234451294,-0.0004112831632365989,-576084.5979734048
135,4.6047567888822916e-05,205686924.6733562,-0.0003196020372777162,-576003.9697536826,-0.00024269866773224662,-575923.3464641755
136,2.7186327523439593e-05,205629340.3999345,-0.0001886124036538332,-575842.7342170477,-0.00014324150312514843,-575762.1279634369
137,1.605348751097662e-05,205571772.2464953,-0.00011132840012462973,-575681.5343919396,-8.45561775911743e-05,-575600.9474395395
138,9.48119819859595e-06,205514220.20908183,-6.572289312380667e-05,-575520.374134779,-4.992255325422959e-05,-575439.8078170844
139,5.600567246077826e-06,205456684.28351036,-3.880630952518125e-05,-575359.2557147145,-2.9479708773109384e-05,-575278.710815796
140,3.3088398390868088e-06,205399164.46546385,-2.2917274069910166e-05,-575198.1804651022,-1.741103229377598e-05,-575117.6574449505
141,1.9552144316154362e-06,205341660.75054708,-1.3536254074713726e-05,-575037.1491676569,-1.0284916366886625e-05,-574956.6482948405
142,1.1555478646175344e-06,205284173.13431925,-7.996665669979018e-06,-574876.1622783542,-6.076477558998383e-06,-574795.6837086233
143,6.830560790055378e-07,205226701.6123132,-4.724917856119966e-06,-574715.2200603485,-3.5906899122114e-06,-574634.7638836609
144,4.0383098428643627e-07,205169246.1800467,-2.7922509471910152e-06,-574554.3226650357,-2.12216307304804e-06,-574473.8889312892
145,2.3879088691280137e-07,205111806.83302915,-1.650400973736349e-06,-574393.4701755643,-1.2544531098768655e-06,-574313.0589120769
146,1.4122470398529244e-07,205054383.5667655,-9.756618292750892e-07,-574232.6626366377,-7.416601050163288e-07,-574152.273856629
147,8.353690678708135e-08,204996976.3767586,-5.768779719821109e-07,-574071.9000688195,-4.385611831081908e-07,-573991.5337778624
148,4.9422063997945665e-08,204939585.25851062,-3.411484278913568e-07,-573911.1824798584,-2.593762613526055e-07,-573830.8386782513
149,2.9244090421524854e-08,204882210.20752376,-2.017797357642081e-07,-573750.5098685622,-1.5342813505274824e-07,-573670.1885541044
150,1.7307330504932093e-08,204824851.21930084,-1.193675991659276e-07,-573589.8822292686,-9.077254441584058e-08,-573509.58339809
151,1.0244641494970553e-08,204767508.2893455,-7.062689009961539e-08,-573429.2995533347,-5.371291402180917e-08,-573349.0232007274
152,6.065102308469518e-09,204710181.4131624,-4.179539186501035e-08,-573268.7618309259,-3.178905373806299e-08,-573188.5079512676
153,3.591320496939155e-09,204652870.58625737,-2.473781811530363e-08,-573108.2690504193,-1.881703301957063e-08,-573028.0376382133
154,2.1268890900328765e-09,204595575.8041373,-1.4644314069062786e-08,-572947.821200788,-1.1140362760374828e-08,-572867.6122496262
155,1.2598247852193034e-09,204538297.06231037,-8.67064304813573e-09,-572787.418269217,-6.596630178272042e-09,-572707.2317733094
156,7.46362923886457e-10,204481034.35628596,-5.134618613328463e-09,-572627.0602440834,-3.906785248946728e-09,-572546.8961969139
157,4.4224664832627775e-10,204423787.68157473,-3.0411627556017923e-09,-572466.7471122742,-2.3141500647165216e-09,-572386.6055080023
158,2.6209190396106764e-10,204366557.03368855,-1.801547443652101e-09,-572306.4788618684,-1.3710018876028656e-09,-572226.359694087
159,1.5535212682038283e-10,204309342.4081405,-1.0673977714068482e-09,-572146.2554803491,-8.123798120330093e-10,-572066.1587426505
160,9.20990863390594e-11,204252143.80044502,-6.325304048132343e-10,-571986.0769549012,-4.814538970993014e-10,-571906.0026411614
161,5.460946736486733e-11,204194961.2061177,-3.7489618974192063e-10,-571825.9432733059,-2.853808214732944e-10,-571745.8913770793
162,3.238583052385865e-11,204137794.62067544,-2.2223636841008675e-10,-571665.8544224501,-1.6918791313151095e-10,-571585.8249378614
163,1.9209523655775377e-11,204080644.03963637,-1.3176306868083275e-10,-571505.8103907108,-1.0032018749076022e-10,-571425.8033109641
164,1.1396003926905063e-11,204023509.4585199,-7.813519728870313e-11,-571345.8111646771,-5.949517791489279e-11,-571265.8264838452
165,6.761810597018284e-12,203966390.8728467,-4.634193329886779e-11,-571185.85673213,-3.528983355987119e-11,-571105.8944439646
166,4.012802721310547e-12,203909288.27813864,-2.7490078757077372e-11,-571025.9470805526,-2.0935909957910852e-11,-570946.0071787845
167,2.3818093307772026e-12,203852201.66991886,-1.6309933905333438e-11,-570866.0821977258,-1.2422483883407182e-11,-570786.1646757706
168,1.4139710892690054e-12,203795131.0437118,-9.678382415081972e-12,-570706.2620705366,-7.372238722545802e-12,-570626.3669223918
169,8.395535473221074e-13,203738076.39504313,-5.74417541946898e-12,-570546.4866867661,-4.375872550271332e-12,-570466.61390612
170,4.985751001062577e-13,203681037.71943974,-3.4097844721584975e-12,-570386.7560338974,-2.5977912230258514e-12,-570306.9056144308
171,2.9613317397440144e-13,203624015.01242983,-2.024419261318562e-12,-570227.0700991154,-1.542474919314299e-12,-570147.2420348033
172,1.7592105027468235e-13,203567008.2695428,-1.202121236997191e-12,-570067.4288702011,-9.160227116343734e-13,-569987.6231547197
173,1.0452563329119183e-13,203510017.48630932,-7.139541698349051e-13,-569907.8323349357,-5.440873338036675e-13,-569828.048961666
174,6.21157932409141e-14,203453042.65826133,-4.2409840050277724e-13,-569748.280479908,-3.232252000430404e-13,-569668.5194431318
175,3.691947128585409e-14,203396083.78093198,-2.519632195506001e-13,-569588.7732934952,-1.9205075208689e-13,-569509.0345866096
176,2.1947400996183164e-14,203339140.8498557,-1.4972070289670923e-13,-569429.3107628822,-1.1413030897696968e-13,-569349.594379596
177,1.3049230179495951e-14,203282213.86056817,-8.898170816687213e-14,-569269.8928752542,-6.783598484037592e-14,-569190.1988095909
178,7.759984109789162e-15,203225302.8086063,-5.2892460697067884e-14,-569110.51961869,-4.0326767916246024e-14,-569030.8478640977
179,4.615416498413822e-15,203168407.6895083,-3.1445676113753405e-14,-568951.1909800768,-2.3977329775626218e-14,-568871.5415306232
180,2.745586114525024e-15,203111528.49881354,-1.8698303838887975e-14,-568791.9069474936,-1.4258778267316363e-14,-568712.2797966779
181,1.633553363003134e-15,203054665.23206273,-1.11203275152189e-14,-568632.6675081253,-8.480820911196526e-15,-568553.0626497756
182,9.720881439536659e-16,202997817.88479778,-6.614652190494681e-15,-568473.4726494551,-5.045073830870021e-15,-568393.8900774338
183,5.785648029678221e-16,202940986.45256186,-3.935233409858437e-15,-568314.3223592639,-3.001727032559617e-15,-568234.7620671731
184,3.444073378092821e-16,202884170.93089935,-2.3415746515854004e-15,-568155.2166250348,-1.7862773117902776e-15,-568075.6786065182
185,2.0505330976900594e-16,202827371.31535596,-1.3935402804027613e-15,-567996.1554339528,-1.0631647352067208e-15,-567916.6396829967
186,1.2210547927841979e-16,202770587.60147858,-8.294783049058615e-16,-567837.138773799,-6.328870621287825e-16,-567757.64528414
187,7.272395376758911e-17,202713819.78481537,-4.938152551083067e-16,-567678.1666320562,-3.7681295535163885e-16,-567598.6953974831
188,4.332052899632865e-17,202657067.86091575,-2.940342477126046e-16,-567519.2389962077,-2.2438786544069653e-16,-567439.7900105641
189,2.5809758418861156e-17,202600331.82533035,-1.7510770577467494e-16,-567360.3558540344,-1.3364318602281147e-16,-567280.929110925
190,1.5379705741895868e-17,202543611.67361107,-1.0430052676965287e-16,-567201.5171927214,-7.961009925552261e-17,-567122.112686111
191,9.1661295418909e-18,202486907.40131104,-6.213576200004967e-17,-567042.7230003476,-4.7431120125616703e-17,-566963.3407236709
192,5.46383797459887e-18,202430219.00398466,-3.70229156729203e-17,-566883.9732638001,-2.826392335687113e-17,-566804.613211157
193,3.2574928430912193e-18,202373546.47718754,-2.2063451315076506e-17,-566725.267971158,-1.68451678196307e-17,-566645.9301361251
194,1.942419118344885e-18,202316889.81647658,-1.3150737247463342e-17,-566566.6071096063,-1.0041348635797594e-17,-566487.2914861344
195,1.158447116489113e-18,202260249.0174099,-7.83972001855772e-18,-566407.9906669259,-5.98663166279745e-18,-566328.6972487477
196,6.910082878961769e-19,202203624.07554683,-4.674388285929361e-18,-566249.4186306,-3.569823943258814e-18,-566170.1474115311
197,4.122532172421268e-19,202147014.986448,-2.787550706540501e-18,-566090.8909884095,-2.1290448230037536e-18,-566011.6419620544
198,2.45990640964047e-19,202090421.74567524,-1.6626257627807976e-18,-565932.4077275395,-1.2699789944697548e-18,-565853.1808878906
199,1.468070214057687e-19,202033844.34879166,-9.918361955827832e-19,-565773.9688357711,-7.57673288094892e-19,-565694.7641766167
200,8.762918296504993e-20,201977282.79136157,-5.917783844071876e-19,-565615.5743008852,-4.521068633866907e-19,-565536.3918158124
201,5.231477586914497e-20,201920737.06895056,-3.5314407095904955e-19,-565457.2241100669,-2.6981984481061053e-19,-565378.0637930615
202,3.1237309916481435e-20,201864207.17712545,-2.1077465952663533e-19,-565298.9182510972,-1.610572650942672e-19,-565219.7800959513
203,1.8655054148794382e-20,201807693.11145428,-1.2582255767687053e-19,-565140.6567117572,-9.61524545452088e-20,-565061.5407120719
204,1.1142766020793823e-20,201751194.86750636,-7.512288128000559e-20,-564982.4394792318,-5.741350134601165e-20,-564903.3456290178
205,6.656763035132459e-21,201694712.4408522,-4.4860029856613643e-20,-564824.2665416002,-3.4287930453118857e-20,-564745.1948343861
206,3.9774685288509936e-21,201638245.8270636,-2.6792945062814654e-20,-564666.1378860474,-2.0480571633730072e-20,-564587.0883157781
207,2.376971390648269e-21,201581795.02171358,-1.6004971382027244e-20,-564508.0535000563,-1.2235350537680663e-20,-564429.0260607981
208,1.4207402502282843e-21,201525360.0203764,-9.562311404199846e-21,-564350.013371706,-7.310789487475383e-21,-564271.0080570539
209,8.493348040388302e-22,201468940.81862757,-5.714054461894541e-21,-564192.0174884796,-4.369036177468044e-21,-564113.0342921572
210,5.078280010753204e-22,201412537.41204378,-3.415068029635097e-21,-564034.0658378601,-2.611442586996203e-21,-563955.1047537226
211,3.0368814030960193e-22,201356149.79620302,-2.0413986076571847e-21,-563876.1584076285,-1.5611649138666737e-21,-563797.2194293684
212,1.8164040666734018e-22,201299777.96668452,-1.2204773364226174e-21,-563718.2951849699,-9.334488399568096e-22,-563639.3783067167
213,1.0866020587872347e-22,201243421.9190687,-7.29802007886167e-22,-563560.4761582613,-5.582203644330933e-22,-563481.5813733924
214,6.50132662702988e-23,201187081.64893726,-4.364693960842467e-22,-563402.7013143897,-3.338829396383321e-22,-563323.8286170244
215,3.8905126436866154e-23,201130757.15187314,-2.6108139833432643e-22,-563244.9706411362,-1.9973591232690781e-22,-563166.1200252448
216,2.3285471674550145e-23,201074448.42346048,-1.561965476231601e-22,-563087.2841265798,-1.1950647669011334e-22,-563008.4555856894
217,1.3939159590357015e-23,201018155.4592847,-9.346312084193131e-23,-562929.6417579055,-7.151548085386365e-23,-562850.8352859971
218,8.345674902511251e-24,200961878.25493237,-5.593484687845763e-23,-562772.0435231924,-4.280376769915119e-23,-562693.2591138106
219,4.997578647901097e-24,200905616.8059914,-3.3480962546101545e-23,-562614.4894096255,-2.5623427840679683e-23,-562535.7270567759
220,2.9931679934172084e-24,200849371.1080509,-2.004410654483888e-23,-562456.9794049859,-1.5341426078882303e-23,-562378.2391025425
221,1.7929814984119986e-24,200793141.1567012,-1.2001864950052097e-23,-562299.5134970546,-9.186868264489023e-24,-562220.7952387633
222,1.0742213103940698e-24,200736926.94753388,-7.187601880179288e-24,-562142.0916733146,-5.502277361947092e-24,-562063.3954530949
223,6.437021187539911e-25,200680728.47614172,-4.305191916400787e-24,-561984.7139215469,-3.296026396517012e-24,-561906.0397331968
224,3.8578853106570633e-25,200624545.7381188,-2.579135876882847e-24,-561827.3802292347,-1.974749785921868e-24,-561748.7280667326
225,2.3125272818411875e-25,200568378.72906035,-1.5453580288158757e-24,-561670.0905844569,-1.1833320876911165e-24,-561591.460441369
226,1.386428813277473e-25,200512227.4445629,-9.260984685637144e-25,-561512.8449743986,-7.092091954357917e-25,-561434.2368447762
227,8.313452572543136e-26,200456091.8802242,-5.550835560231592e-25,-561355.6433871388,-4.251235906641896e-25,-561277.0572646278
228,4.985840587714783e-26,200399972.03164318,-3.327611984828353e-25,-561198.4858101606,-2.548761290102491e-25,-561119.9216886009
229,2.990669698995052e-26,200343867.8944201,-1.9951708887197313e-25,-561041.372230947,-1.5283267323643744e-25,-560962.8301043762
230,1.7942030417424937e-26,200287779.46415633,-1.196466657252558e-25,-560884.302637577,-9.165925556584925e-26,-560805.7824996377
231,1.0765836562927304e-26,200231706.73645458,-7.176193854497633e-26,-560727.2770175338,-5.498060197658522e-26,-560648.7788620729
232,6.460959395547393e-27,200175649.70691875,-4.30487716737991e-26,-560570.2953583002,-3.298493888601896e-26,-560491.8191793725
233,3.878102253048523e-27,200119608.37115395,-2.5828571424988702e-26,-560413.3576479554,-1.979223709535713e-26,-560334.9034392311
234,2.3281689585837165e-27,200063582.72476655,-1.5499332944648065e-26,-560256.4638739824,-1.1878102628560062e-26,-560178.0316293463
235,1.3979212517636098e-27,200007572.76336414,-9.302477068201066e-27,-560099.6140241623,-7.129715967799648e-27,-560021.2037374196
236,8.39506133926177e-28,199951578.48255554,-5.584151178374327e-27,-559942.808085978,-4.280261778196243e-27,-559864.4197511555
237,5.0424078870866135e-28,199895599.8779508,-3.352653452175157e-27,-559786.0460475087,-2.5700487384176713e-27,-559707.6796582622
238,3.0291793392716547e-28,199839636.94516116,-2.0132285478149586e-27,-559629.3278962374,-1.5434241576710427e-27,-559550.9834464513
239,1.8200565885527195e-28,199783689.6797992,-1.2091227507189351e-27,-559472.653619647,-9.270477690915266e-28,-559394.3311034377
240,1.0937489984022538e-28,199727758.0774786,-7.263075901504656e-28,-559316.0232061148,-5.569186961949067e-28,-559237.72261694
241,6.57390308491235e-29,199671842.13381433,-4.363586899110187e-28,-559159.4366425276,-3.34621873927873e-28,-559081.1579746802
242,3.951861881831746e-29,199615941.8444226,-2.6220412030806045e-28,-559002.8939172626,-2.0108963253778914e-28,-558924.6371643833
243,2.3760360672606178e-29,199560057.2049208,-1.575825814571128e-28,-558846.3950181007,-1.2086424344569961e-28,-558768.1601737782
244,1.4288185852546526e-29,199504188.21092758,-9.472174820059651e-29,-558689.9399322271,-7.265722031828276e-29,-558611.7269905972
245,8.593576012072471e-30,199448334.85806283,-5.694609840474055e-29,-558533.5286474228,-4.3685014371656166e-29,-558455.3376025759
246,5.169440068968729e-30,199392497.14194763,-3.4241359431037414e-29,-558377.1611520648,-2.6269930863247646e-29,-558298.9919974534
247,3.1101820913640666e-30,199336675.05820432,-2.0592579776046627e-29,-558220.8374330401,-1.5800036825314898e-29,-558142.6901629721
248,1.8715474272493843e-30,199280868.60245642,-1.2386346641146824e-29,-558064.5574790239,-9.50451522346405e-30,-557986.432086878
249,1.1263893791182864e-30,199225077.77032873,-7.451580481310978e-30,-557908.3212769032,-5.7183999084289296e-30,-557830.2177569205
250,6.7803002340614225e-31,199169302.55744722,-4.483593557121442e-30,-557752.1288150549,-3.441055985178801e-30,-557674.0471608522
251,4.082084133202923e-31,199113542.95943916,-2.6982161008584995e-30,-557595.9800806642,-2.0710071312733722e-30,-557517.9202864296
252,2.4580324148696374e-31,199057798.97193295,-1.6240517183332854e-30,-557439.875062108,-1.2466486495785779e-30,-557361.8371214123
253,1.4803549754701719e-31,199002070.5905583,-9.776774393994655e-31,-557283.8137465715,-7.505491681904824e-31,-557205.7976535632
254,8.916957914489371e-32,198946357.81094608,-5.886591840212347e-31,-557127.7961221337,-4.519462687219406e-31,-557049.801870649
255,5.37205107495392e-32,198890660.62872842,-3.544906839535452e-31,-556971.8221765757,-2.721867764940714e-31,-556893.8497604396
256,3.2369507817840286e-32,198834979.03953865,-2.1351002931698907e-31,-556815.8918976784,-1.6395315521835739e-31,-556737.9413107082
257,1.9507633389250267e-32,198779313.03901133,-1.2861874428590019e-31,-556660.0052732229,-9.87745488736362e-32,-556582.0765092317
258,1.1758328267070288e-32,198723662.62278226,-7.749305122179979e-32,-556504.1622906923,-5.951724634623273e-32,-556426.2553437903
259,7.088577008400546e-33,198668027.78648844,-4.6697512586697415e-32,-556348.3629381657,-3.5868489114586994e-32,-556270.4778021676
260,4.274103242859453e-33,198612408.5257681,-2.8144737655410936e-32,-556192.607203424,-2.1620005261989843e-32,-556114.7438721507
261,2.5775280521771673e-33,198556804.8362607,-1.6965751906822853e-32,-556036.8950739503,-1.303379678552442e-32,-555959.0535415299
262,1.5546556789920365e-33,198501216.7136069,-1.0228723731851308e-32,-555881.2265381217,-7.858841204426304e-33,-555803.4067980993
263,9.378587604046972e-34,198445644.15344858,-6.167969185873393e-33,-555725.6015831232,-4.739346690639721e-33,-555647.803629656
264,5.658652776543895e-34,198390087.15142888,-3.719934827503077e-33,-555570.0201970339,-2.8585831026057038e-33,-555492.2440240008
265,3.414766533033102e-34,198334545.7031921,-2.243886243510793e-33,-555414.4823676348,-1.7244695190617744e-33,-555336.727968938
266,2.0610158469257907e-34,198279019.8043838,-1.3537506861073114e-33,-555258.988083005,-1.0404771795659219e-33,-555181.2554522747
267,1.2441535109715776e-34,198223509.45065078,-8.168623359542129e-34,-555103.5373303294,-6.2788760973296256e-34,-555025.8264618221
268,7.511711702362707e-35,198168014.63764098,-4.929823407353069e-34,-554948.1300979853,-3.7896889305500118e-34,-554870.4409853948
269,4.5360322832803025e-35,198112535.36100364,-2.975679419082404e-34,-554792.7663734555,-2.287691662864841e-34,-554715.0990108101
270,2.739590334195405e-35,198057071.61638916,-1.7964419490848973e-34,-554637.4461448193,-1.3812225869803339e-34,-554559.8005258896
271,1.6548832362692246e-35,198001623.3994492,-1.0847070979261804e-34,-554482.1693995595,-8.340692106892919e-35,-554404.5455184578
272,9.998188276596919e-36,197946190.70583662,-6.550644086095326e-35,-554326.9361257553,-5.037472905042618e-35,-554249.3339763426
273,6.041537385983846e-36,197890773.5312055,-3.956650890613073e-35,-554171.7463111877,-3.0429551551515753e-35,-554094.1658873754
274,3.651285615470456e-36,197835371.8712111,-2.39025177051339e-35,-554016.5999439359,-1.8384446372414633e-35,-553939.0412393911
275,2.2070710146267313e-36,197779985.72151,-1.4442146008437244e-35,-553861.4970111847,-1.1109070299612945e-35,-553783.9600202279
276,1.3343167878542814e-36,197724615.07775986,-8.727542267724498e-36,-553706.4375013113,-6.713933089039568e-36,-553628.9222177276
277,8.06814537495952e-37,197669259.93561965,-5.275022503583294e-36,-553551.4214020967,-4.058339892217365e-36,-553473.927819735
278,4.8793343792502225e-37,197613920.29074952,-3.188810995709297e-36,-553396.4487013221,-2.4535330911466817e-36,-553318.9768140987
279,2.9513419366372107e-37,197558596.13881084,-1.9279924426130117e-36,-553241.5193867683,-1.4835681348855907e-36,-553164.0691886704
280,1.7854616972311164e-37,197503287.4754662,-1.1658802394060942e-36,-553086.6334465146,-8.972121118432124e-37,-553009.2049313054
281,1.0803229146219085e-37,197447994.2963794,-7.051387826092079e-37,-552931.7908680439,-5.426937157375718e-37,-552854.3840298622
282,6.53775526301824e-38,197392716.59721544,-4.265473883200846e-37,-552776.9916394353,-3.2831178417730974e-37,-552699.6064722033
283,3.957088203754227e-38,197337454.37364057,-2.5806670592640126e-37,-552622.2357487679,-1.9865072002445828e-37,-552544.8722461936
284,2.395492322690586e-38,197282207.6213222,-1.561595881063641e-37,-552467.5231835246,-1.2021697322388298e-37,-552390.1813397022
285,1.4503933382876652e-38,197226976.33592904,-9.450989844029205e-38,-552312.8539317846,-7.276346773788615e-38,-552235.5337406013
286,8.783118653670571e-39,197171760.5131309,-5.720814729206081e-38,-552158.227981329,-4.4048682243894875e-38,-552080.9294367665
287,5.3196569105412544e-39,197116560.1485989,-3.463461743129317e-38,-552003.6453199387,-2.667008292181132e-38,-551926.368416077
288,3.2224812375508006e-39,197061375.23800534,-2.0971756729904538e-38,-551849.1059356928,-1.6150564416717182e-38,-551771.850666415
289,1.9524011345665043e-39,197006205.77702367,-1.2700801029842962e-38,-551694.6098166704,-9.781893169161241e-39,-551617.3761756662
290,1.1830948537320434e-39,196951051.76132864,-7.693062808344608e-39,-551540.1569503546,-5.925567904919396e-39,-551462.9449317202
291,7.170375821877887e-40,196895913.18659616,-4.660572715442547e-39,-551385.7473248243,-3.5901192620501993e-39,-551308.5569224692
292,4.3464640561463536e-40,196840790.04850337,-2.8239117657315334e-39,-551231.3809278607,-2.1755024911346402e-39,-551154.2121358095
293,2.6351301235114485e-40,196785682.34272864,-1.711333932634905e-39,-551077.0577472448,-1.3185059271352071e-39,-550999.9105596401
294,1.597864022989523e-40,196730590.0649515,-1.0372661005219254e-39,-550922.7777713537,-7.99238434189801e-40,-550845.6521818643
295,9.690570170596336e-41,196675513.21085274,-6.288070059298893e-40,-550768.5409876704,-4.845542269469774e-40,-550691.4369903876
296,5.878013543202106e-41,196620451.7761143,-3.81255662739423e-40,-550614.347384274,-2.9381918163433594e-40,-550537.2649731201
297,3.5660181841018535e-41,196565405.7564194,-2.3119953591002524e-40,-550460.1969492435,-1.7819257973090853e-40,-550383.1361179743
298,2.1637556942579714e-41,196510375.14745238,-1.402262489843882e-40,-550306.0896700621,-1.080863317134993e-40,-550229.0504128666
299,1.313120475720449e-41,196455359.94489887,-8.506352185375224e-41,-550152.0255351067,-6.557278243111926e-41,-550075.0078457168
300,7.970261713583887e-42,196400360.1444457,-5.160943043620602e-41,-549998.0045318604,-3.978763258757537e-41,-549921.0084044479
301,4.8385165425888e-42,196345375.74178085,-3.131745170995087e-41,-549844.0266484022,-2.4145945569292686e-41,-549767.0520769864
302,2.937808596502178e-42,196290406.73259357,-1.9007079460866218e-41,-549690.0918728113,-1.4655881592445712e-41,-549613.1388512619
303,1.7840472957328246e-42,196235453.11257428,-1.1537613007693537e-41,-549536.2001928687,-8.897157317412266e-42,-549459.2687152079
304,1.0835795714055414e-42,196180514.8774146,-7.004677243272831e-42,-549382.3515966535,-5.402094332604633e-42,-549305.4416567609
305,6.582438543204552e-43,196125592.02280742,-4.253357170850862e-42,-549228.5460719466,-3.2805344998308065e-42,-549151.6576638608
306,3.999303436448716e-43,196070684.54444674,-2.5831351067558365e-42,-549074.7836068273,-1.992501178175989e-42,-548997.9167244509
307,2.430263804027173e-43,196015792.43802783,-1.5690396324215425e-42,-548921.0641890764,-1.2103865137770814e-42,-548844.2188264779
308,1.4770458608261217e-43,195960915.69924715,-9.532179432010514e-43,-548767.3878067732,-7.353956507774577e-43,-548690.563957892
309,8.97854617025825e-44,195906054.32380235,-5.791912438002967e-43,-548613.7544479966,-4.468785506014898e-43,-548536.9521066466
310,5.458703678283818e-44,195851208.3073923,-3.5198424919744322e-43,-548460.1641005278,-2.715997802506134e-43,-548383.3832606984
311,3.319284347283078e-44,195796377.64571708,-2.1394193310007397e-43,-548306.6167521477,-1.6509759634669882e-43,-548229.8574080078
312,2.0186955019744748e-44,195741562.334478,-1.3005888453086034e-43,-548153.1123909354,-1.0037452391244982e-43,-548076.3745365384
313,1.2279157552665527e-44,195686762.36937746,-7.907797467079221e-44,-547999.6510052681,-6.103481578573918e-44,-547922.9346342569
314,7.470294226070313e-45,195631977.74611923,-4.808863326595214e-44,-547846.2325823307,-3.7119588210283226e-44,-547769.5376891339
315,4.545463785412553e-45,195577208.46040815,-2.9248304406577595e-44,-547692.8571107984,-2.2578756142394703e-44,-547616.1836891428
316,2.7662411394002216e-45,195522454.5079503,-1.7792226460123317e-44,-547539.5245784521,-1.3736250694631812e-44,-547462.8726222608
317,1.683732864435106e-45,195467715.884453,-1.0825082749651155e-44,-547386.234973073,-8.358102937129929e-45,-547309.6044764684
318,1.0250089114744197e-45,195412992.58562472,-6.587239529606863e-45,-547232.9882827401,-5.0864937442175235e-45,-547156.3792397493
319,6.240988363115208e-46,195358284.60717517,-4.0091007516289887e-45,-547079.7844955325,-3.095997389934219e-45,-547003.1969000904
320,3.80058424590642e-46,195303591.94481522,-2.440404117208788e-45,-546926.6235995293,-1.8847506820116242e-45,-546850.0574454826
321,2.3148272927481008e-46,195248914.59425697,-1.4857569531583194e-45,-546773.5055825114,-1.1475680927993577e-45,-546696.9608639195
322,1.4101264025072641e-46,195194252.5512137,-9.047008902408367e-46,-546620.4304325581,-6.988343311947582e-46,-546543.9071433984
323,8.591494051275999e-47,195139605.81139997,-5.509769973796642e-46,-546467.3981374502,-4.256387822876118e-46,-546390.89627192
324,5.235407887429965e-47,195084974.3705314,-3.356086163846034e-46,-546314.408685565,-2.5928615307469613e-46,-546237.9282374879
325,3.190828863626157e-47,195030358.22432494,-2.044579023803808e-46,-546161.4620646834,-1.5797508911902212e-46,-546085.0030281098
326,1.9450359858985688e-47,194975757.36849868,-1.2457928777275882e-46,-546008.5582625866,-9.626513546478026e-47,-545932.1206317963
327,1.1858312460785008e-47,194921171.7987719,-7.59204739820068e-47,-545855.6972679496,-5.867060359765925e-47,-545779.2810365612
328,7.230848103001287e-48,194866601.51086506,-4.6274643577837205e-47,-545702.8790682554,-3.5763760583493234e-47,-545626.4842304222
329,4.4098789417655586e-48,194812046.5004999,-2.820969161235729e-47,-545550.1036515832,-2.1804035196355213e-47,-545473.7302013998
330,2.6898939424498223e-48,194757506.76339927,-1.719984999315736e-47,-545397.37100631,-1.32954065824801e-47,-545321.018937518
331,1.6410230705567134e-48,194702982.29528728,-1.0488708718931088e-47,-545244.6811199188,-8.10844181208181e-48,-545168.3504268044
332,1.0013023536390821e-48,194648473.0918892,-6.397207169176313e-48,-545092.0339807868,-4.945887108899691e-48,-545015.7246572898
333,6.110641257940984e-49,194593979.1489315,-3.902382278449837e-48,-544939.429576993,-3.0173242793884163e-48,-544863.1416170083
334,3.729746540811048e-49,194539500.46214187,-2.380894717129936e-48,-544786.8678963184,-1.8410718980263542e-48,-544710.6012939973
335,2.27689399978843e-49,194485037.0272492,-1.4528525410226175e-48,-544634.3489268422,-1.1235449815869641e-48,-544558.1036762977
336,1.390199879458311e-49,194430588.8399835,-8.866941203301187e-49,-544481.8726569414,-6.857741543538126e-49,-544405.6487519537
337,8.489509559227717e-50,194376155.89607608,-5.412489235355394e-49,-544329.4390740991,-4.186418840366529e-49,-544253.236509013
338,5.185120555155482e-50,194321738.19125938,-3.304389004072235e-49,-544177.0481669903,-2.5560840670631297e-49,-544100.8669355263
339,3.167422492997241e-50,194267335.72126704,-2.0176980621582408e-49,-544024.6999233961,-1.560912162084811e-49,-543948.5400195477
340,1.9351917167607048e-50,194212948.48183393,-1.2322307762365363e-49,-543872.3943310976,-9.53350613060692e-50,-543796.255749135
341,1.182531827149287e-50,194158576.4686961,-7.526598896114176e-50,-543720.1313784719,-5.823682241212594e-50,-543644.014112349
342,7.227240424514694e-51,194104219.67759073,-4.598077846978177e-50,-543567.9110535979,-3.55806195086197e-50,-543491.815097254
343,4.4177686477145034e-51,194049878.1042563,-2.8094717768001904e-50,-543415.7333442569,-2.1742032244511086e-50,-543339.6586919177
344,2.700873337498311e-51,193995551.74443242,-1.7168953102161924e-50,-543263.5982388258,-1.3287936395245863e-50,-543187.5448844108
345,1.651491068075952e-51,193941240.59385988,-1.0493822694223591e-50,-543111.5057253838,-8.122424835901507e-51,-543035.4736628076
346,1.009994441600449e-51,193886944.6482807,-6.41496626475503e-51,-542959.4557917118,-4.965747094369318e-51,-542883.445015186
347,6.177780326573411e-52,193832663.9034381,-3.9221640894310785e-51,-542807.448426187,-3.0363666237383206e-51,-542731.4589296266
348,3.7793459024958894e-52,193778398.35507643,-2.3984344240775214e-51,-542655.4836165905,-1.856925656221793e-51,-542579.515394214
349,2.3124455042841533e-52,193724147.99894142,-1.466900398211736e-51,-542503.5613501072,-1.135809509948716e-51,-542427.614397036
