,Experiment,Measurement,Time,Concentration,Bioagent,Type
0,0,0,9.96,885021908.4125593,CFU,wt
1,0,0,9.67,13.332370347476232,PFU,wt
2,0,0,10.39,668520036.7853725,CFU,sp
3,0,0,9.82,1.9767146507310924,PFU,sp
4,0,1,10.450000000000001,956648649.4802656,CFU,wt
5,0,1,9.51,12.677476695101348,PFU,wt
6,0,1,10.49,683006292.0569648,CFU,sp
7,0,1,10.3,2.289856528701241,PFU,sp
8,0,2,9.78,857460274.6562958,CFU,wt
9,0,2,9.81,13.921556131218795,PFU,wt
10,0,2,10.13,631220775.2622567,CFU,sp
11,0,2,10.01,2.0965914577956117,PFU,sp
12,0,3,9.870000000000001,871315179.6001583,CFU,wt
13,0,3,9.8,13.878976538887496,PFU,wt
14,0,3,9.76,579319949.5570649,CFU,sp
15,0,3,9.91,2.032839258765961,PFU,sp
16,0,4,9.99,889556191.2544571,CFU,wt
17,0,4,9.63,13.166789535490281,PFU,wt
18,0,4,10.07,622701189.1182187,CFU,sp
19,0,4,10.44,2.3876702401623247,PFU,sp
20,1,0,10.38,946754900.7233524,CFU,wt
21,1,0,10.43,16.70538222556957,PFU,wt
22,1,0,10.05,619869511.5180517,CFU,sp
23,1,0,9.85,1.9952916091405475,PFU,sp
24,1,1,10.13,910474040.0766499,CFU,wt
25,1,1,9.58,12.961550961248753,PFU,wt
26,1,1,9.93,602970495.2419388,CFU,sp
27,1,1,9.67,1.8857845432093363,PFU,sp
28,1,2,10.08,903050278.4456488,CFU,wt
29,1,2,9.86,14.135587827239535,PFU,wt
30,1,2,10.4,669965554.0541176,CFU,sp
31,1,2,10.09,2.148655368836563,PFU,sp
32,1,3,10.15,913428505.1819831,CFU,wt
33,1,3,9.870000000000001,14.178620275002961,PFU,wt
34,1,3,10.05,619869511.5180517,CFU,sp
35,1,3,9.9,2.026544777578475,PFU,sp
36,1,4,10.200000000000001,920776257.4253217,CFU,wt
37,1,4,9.8,13.878976538887496,PFU,wt
38,1,4,10.14,632644189.539313,CFU,sp
39,1,4,9.59,1.8386096863768955,PFU,sp
40,2,0,10.19,919311142.2228388,CFU,wt
41,2,0,10.22,15.731393463638813,PFU,wt
42,2,0,10.290000000000001,654106520.0492346,CFU,sp
43,2,0,10.15,2.1883265268374097,PFU,sp
44,2,1,10.49,962247623.7106284,CFU,wt
45,2,1,10.41,16.611293261760093,PFU,wt
46,2,1,10.36,664187890.2310096,CFU,sp
47,2,1,10.08,2.142095529568214,PFU,sp
48,2,2,10.49,962247623.7106284,CFU,wt
49,2,2,10.35,16.33069133535699,PFU,wt
50,2,2,9.790000000000001,583467322.3669512,CFU,sp
51,2,2,9.5,1.78662483856921,PFU,sp
52,2,3,10.26,929519524.0666704,CFU,wt
53,2,3,10.11,15.233720648428031,PFU,wt
54,2,3,10.1,626956447.8309109,CFU,sp
55,2,3,9.870000000000001,2.0077490782637892,PFU,sp
56,2,4,10.450000000000001,956648649.4802656,CFU,wt
57,2,4,10.17,15.504097165088675,PFU,wt
58,2,4,10.1,626956447.8309109,CFU,sp
59,2,4,9.96,2.064531567929469,PFU,sp
60,3,0,10.27,930968729.8536816,CFU,wt
61,3,0,10.18,15.549412764504313,PFU,wt
62,3,0,10.43,674306371.044318,CFU,sp
63,3,0,9.77,1.9460435200011568,PFU,sp
64,3,1,9.71,846588324.6613617,CFU,wt
65,3,1,10.47,16.89438664444527,PFU,wt
66,3,1,9.83,589015048.971146,CFU,sp
67,3,1,9.74,1.9278145450434554,PFU,sp
68,3,2,10.17,916374236.3782508,CFU,wt
69,3,2,9.73,13.583046462847301,PFU,wt
70,3,2,9.99,611400059.5148289,CFU,sp
71,3,2,10.42,2.373515561826965,PFU,sp
72,3,3,10.15,913428505.1819831,CFU,wt
73,3,3,9.72,13.54107563974984,PFU,wt
74,3,3,9.64,562850179.9905821,CFU,sp
75,3,3,9.77,1.9460435200011568,PFU,sp
76,3,4,9.69,843467419.9247674,CFU,wt
77,3,4,9.81,13.921556131218795,PFU,wt
78,3,4,10.06,621284828.0287479,CFU,sp
79,3,4,9.73,1.9217670904351152,PFU,sp
80,4,0,9.65,837206870.9774934,CFU,wt
81,4,0,9.620000000000001,13.125587128630942,PFU,wt
82,4,0,9.52,546582238.1029042,CFU,sp
83,4,0,10.21,2.2285342983489693,PFU,sp
84,4,1,10.14,911952358.6011204,CFU,wt
85,4,1,10.370000000000001,16.423946827359867,PFU,wt
86,4,1,10.1,626956447.8309109,CFU,sp
87,4,1,9.81,1.9705514124471357,PFU,sp
88,4,2,10.450000000000001,956648649.4802656,CFU,wt
89,4,2,9.82,13.964211426265848,PFU,wt
90,4,2,9.76,579319949.5570649,CFU,sp
91,4,2,9.72,1.9157340483729457,PFU,sp
92,4,3,10.14,911952358.6011204,CFU,wt
93,4,3,10.16,15.458853621820715,PFU,wt
94,4,3,10.35,662745343.0077696,CFU,sp
95,4,3,9.620000000000001,1.8561932580834235,PFU,sp
96,4,4,9.77,855912133.8256546,CFU,wt
97,4,4,9.97,14.613062474763932,PFU,wt
98,4,4,9.620000000000001,560124477.7745786,CFU,sp
99,4,4,10.35,2.32445046455817,PFU,sp
100,5,0,9.76,854362303.832552,CFU,wt
101,5,0,9.700000000000001,13.457363512592579,PFU,wt
102,5,0,10.43,674306371.044318,CFU,sp
103,5,0,10.34,2.3175015474069998,PFU,sp
104,5,1,10.26,929519524.0666704,CFU,wt
105,5,1,9.82,13.964211426265848,PFU,wt
106,5,1,9.620000000000001,560124477.7745786,CFU,sp
107,5,1,10.34,2.3175015474069998,PFU,sp
108,5,2,10.21,922239132.60098,CFU,wt
109,5,2,10.040000000000001,14.921591681048358,PFU,wt
110,5,2,9.68,568318345.8691064,CFU,sp
111,5,2,10.08,2.142095529568214,PFU,sp
112,5,3,10.26,929519524.0666704,CFU,wt
113,5,3,9.97,14.613062474763932,PFU,wt
114,5,3,9.870000000000001,594582735.6546824,CFU,sp
115,5,3,10.450000000000001,2.394770294150412,PFU,sp
116,5,4,10.3,935302411.5481062,CFU,wt
117,5,4,10.02,14.833071591952354,PFU,wt
118,5,4,10.25,648363701.8669971,CFU,sp
119,5,4,10.21,2.2285342983489693,PFU,sp
120,6,0,10.36,943906139.8961943,CFU,wt
121,6,0,9.71,13.499181295462542,PFU,wt
122,6,0,9.64,562850179.9905821,CFU,sp
123,6,0,9.75,1.9338764258269734,PFU,sp
124,6,1,9.93,880470074.5603386,CFU,wt
125,6,1,9.61,13.084461993075369,PFU,wt
126,6,1,10.23,645497445.9307353,CFU,sp
127,6,1,10.19,2.2150719556052456,PFU,sp
128,6,2,10.3,935302411.5481062,CFU,wt
129,6,2,10.450000000000001,16.799747022348743,PFU,wt
130,6,2,10.040000000000001,618455248.7459301,CFU,sp
131,6,2,9.540000000000001,1.8095877898593282,PFU,sp
132,6,3,9.91,877425943.1087157,CFU,wt
133,6,3,10.3,16.09877880596074,PFU,wt
134,6,3,9.78,582083572.593656,CFU,sp
135,6,3,10.32,2.303648923912703,PFU,sp
136,6,4,9.55,821451862.5603116,CFU,wt
137,6,4,10.46,16.847032543489306,PFU,wt
138,6,4,9.99,611400059.5148289,CFU,sp
139,6,4,10.21,2.2285342983489693,PFU,sp
140,7,0,9.91,877425943.1087157,CFU,wt
141,7,0,9.74,13.625093681413588,PFU,wt
142,7,0,9.85,591796431.1990068,CFU,sp
143,7,0,9.870000000000001,2.0077490782637892,PFU,sp
144,7,1,9.790000000000001,859006711.9406546,CFU,wt
145,7,1,9.85,14.09263062625721,PFU,wt
146,7,1,9.63,561486623.9875553,CFU,sp
147,7,1,10.02,2.103047671375725,PFU,sp
148,7,2,9.75,852810799.1297272,CFU,wt
149,7,2,9.78,13.794044818033061,PFU,wt
150,7,2,9.540000000000001,549278981.2910464,CFU,sp
151,7,2,9.82,1.9767146507310924,PFU,sp
152,7,3,10.21,922239132.60098,CFU,wt
153,7,3,9.64,13.208069137800392,PFU,wt
154,7,3,9.97,608585677.2999554,CFU,sp
155,7,3,10.33,2.3105677031387093,PFU,sp
156,7,4,10.07,901559175.4893551,CFU,wt
157,7,4,10.24,15.822813196599881,PFU,wt
158,7,4,10.42,672858731.2190572,CFU,sp
159,7,4,9.93,2.045472166030543,PFU,sp
160,8,0,10.040000000000001,897073382.8758206,CFU,wt
161,8,0,10.19,15.59480030748533,PFU,wt
162,8,0,9.700000000000001,571060683.6887938,CFU,sp
163,8,0,10.11,2.1618195956352046,PFU,sp
164,8,1,9.88,872845649.2952325,CFU,wt
165,8,1,10.21,15.685790771023841,PFU,wt
166,8,1,9.94,604372570.7903229,CFU,sp
167,8,1,9.84,1.9890847362881583,PFU,sp
168,8,2,10.19,919311142.2228388,CFU,wt
169,8,2,9.65,13.249425858945083,PFU,wt
170,8,2,10.26,649798132.6701256,CFU,sp
171,8,2,9.64,1.8679868997032907,PFU,sp
172,8,3,10.450000000000001,956648649.4802656,CFU,wt
173,8,3,9.870000000000001,14.178620275002961,PFU,wt
174,8,3,9.55,550629573.7289388,CFU,sp
175,8,3,10.08,2.142095529568214,PFU,sp
176,8,4,9.82,863635659.7214118,CFU,wt
177,8,4,9.86,14.135587827239535,PFU,wt
178,8,4,10.11,628376895.0652114,CFU,sp
179,8,4,10.17,2.2016693902684983,PFU,sp
180,9,0,9.6,829347296.4933684,CFU,wt
181,9,0,9.96,14.569282799514133,PFU,wt
182,9,0,9.84,590405120.5487965,CFU,sp
183,9,0,9.92,2.0391483842460514,PFU,sp
184,9,1,9.55,821451862.5603116,CFU,wt
185,9,1,9.89,14.264910537164791,PFU,wt
186,9,1,10.24,646930136.3981134,CFU,sp
187,9,1,9.69,1.8977212598789999,PFU,sp
188,9,2,10.49,962247623.7106284,CFU,wt
189,9,2,9.57,12.92073565406688,PFU,wt
190,9,2,10.14,632644189.539313,CFU,sp
191,9,2,10.26,2.262452162192376,PFU,sp
192,9,3,9.89,874374275.4966784,CFU,wt
193,9,3,10.15,15.413682246719649,PFU,wt
194,9,3,10.02,615629920.9113946,CFU,sp
195,9,3,10.26,2.262452162192376,PFU,sp
196,9,4,10.24,926614207.8295062,CFU,wt
197,9,4,10.4,16.56435253013662,PFU,wt
198,9,4,10.44,675754698.2841866,CFU,sp
199,9,4,10.1,2.155230054096748,PFU,sp
200,10,0,10.21,922239132.60098,CFU,wt
201,10,0,10.42,16.65830320184622,PFU,wt
202,10,0,9.63,561486623.9875553,CFU,sp
203,10,0,10.44,2.3876702401623247,PFU,sp
204,10,1,9.51,815111011.1502727,CFU,wt
205,10,1,9.91,14.351500658534222,PFU,wt
206,10,1,9.700000000000001,571060683.6887938,CFU,sp
207,10,1,10.31,2.2967452017835543,PFU,sp
208,10,2,10.46,958052151.5246236,CFU,wt
209,10,2,9.93,14.438389874118831,PFU,wt
210,10,2,10.13,631220775.2622567,CFU,sp
211,10,2,10.05,2.1225049833744496,PFU,sp
212,10,3,10.34,941047752.1420034,CFU,wt
213,10,3,9.84,14.049748764627612,PFU,wt
214,10,3,9.6,557404445.6331073,CFU,sp
215,10,3,9.58,1.8327769411898545,PFU,sp
216,10,4,9.51,815111011.1502727,CFU,wt
217,10,4,9.93,14.438389874118831,PFU,wt
218,10,4,9.59,556046575.0697403,CFU,sp
219,10,4,9.65,1.8739051423350492,PFU,sp
220,11,0,10.290000000000001,933860184.0165012,CFU,wt
221,11,0,9.67,13.332370347476232,PFU,wt
222,11,0,10.05,619869511.5180517,CFU,sp
223,11,0,10.450000000000001,2.394770294150412,PFU,sp
224,11,1,9.56,823033724.6464955,CFU,wt
225,11,1,10.47,16.89438664444527,PFU,wt
226,11,1,10.1,626956447.8309109,CFU,sp
227,11,1,10.31,2.2967452017835543,PFU,sp
228,11,2,9.57,824614214.7775011,CFU,wt
229,11,2,9.53,12.758251523651435,PFU,wt
230,11,2,9.86,593188972.4144278,CFU,sp
231,11,2,9.82,1.9767146507310924,PFU,sp
232,11,3,9.83,865175140.3770976,CFU,wt
233,11,3,10.49,16.989300077114006,PFU,wt
234,11,3,10.25,648363701.8669971,CFU,sp
235,11,3,10.15,2.1883265268374097,PFU,sp
236,11,4,10.25,928068013.1804616,CFU,wt
237,11,4,9.68,13.373957957842572,PFU,wt
238,11,4,10.21,642634728.5465033,CFU,sp
239,11,4,9.91,2.032839258765961,PFU,sp
240,12,0,9.52,816698202.6721646,CFU,wt
241,12,0,10.120000000000001,15.278602242076394,PFU,wt
242,12,0,9.790000000000001,583467322.3669512,CFU,sp
243,12,0,9.91,2.032839258765961,PFU,sp
244,12,1,9.57,824614214.7775011,CFU,wt
245,12,1,9.63,13.166789535490281,PFU,wt
246,12,1,10.41,671411788.8738114,CFU,sp
247,12,1,9.59,1.8386096863768955,PFU,sp
248,12,2,9.6,829347296.4933684,CFU,wt
249,12,2,10.07,15.054922553125454,PFU,wt
250,12,2,9.8,584852353.247795,CFU,sp
251,12,2,9.85,1.9952916091405475,PFU,sp
252,12,3,10.13,910474040.0766499,CFU,wt
253,12,3,10.290000000000001,16.052607471045853,PFU,wt
254,12,3,9.63,561486623.9875553,CFU,sp
255,12,3,10.47,2.409015865131187,PFU,sp
256,12,4,10.39,948175646.8602537,CFU,wt
257,12,4,10.34,16.284168449740495,PFU,wt
258,12,4,10.31,656982926.6577199,CFU,sp
259,12,4,9.76,1.9399527463278667,PFU,sp
260,13,0,10.24,926614207.8295062,CFU,wt
261,13,0,9.96,14.569282799514133,PFU,wt
262,13,0,9.75,577940092.8016031,CFU,sp
263,13,0,9.94,2.051810616038103,PFU,sp
264,13,1,9.52,816698202.6721646,CFU,wt
265,13,1,10.33,16.23771563322219,PFU,wt
266,13,1,10.42,672858731.2190572,CFU,sp
267,13,1,10.34,2.3175015474069998,PFU,sp
268,13,2,10.03,895573998.3736597,CFU,wt
269,13,2,9.77,13.751692865570204,PFU,wt
270,13,2,10.31,656982926.6577199,CFU,sp
271,13,2,10.3,2.289856528701241,PFU,sp
272,13,3,9.620000000000001,832495537.8249065,CFU,wt
273,13,3,10.32,16.191333006820585,PFU,wt
274,13,3,9.64,562850179.9905821,CFU,sp
275,13,3,10.44,2.3876702401623247,PFU,sp
276,13,4,10.08,903050278.4456488,CFU,wt
277,13,4,9.8,13.878976538887496,PFU,wt
278,13,4,9.61,558763749.0894246,CFU,sp
279,13,4,10.06,2.1290203473691904,PFU,sp
280,14,0,9.74,851257634.2383628,CFU,wt
281,14,0,10.07,15.054922553125454,PFU,wt
282,14,0,9.700000000000001,571060683.6887938,CFU,sp
283,14,0,10.19,2.2150719556052456,PFU,sp
284,14,1,10.36,943906139.8961943,CFU,wt
285,14,1,9.56,12.879997985898708,PFU,wt
286,14,1,10.120000000000001,629798340.6520368,CFU,sp
287,14,1,9.9,2.026544777578475,PFU,sp
288,14,2,9.700000000000001,845028665.5795715,CFU,wt
289,14,2,9.9,14.308168163009231,PFU,wt
290,14,2,9.63,561486623.9875553,CFU,sp
291,14,2,10.17,2.2016693902684983,PFU,sp
292,14,3,10.31,936742292.29243,CFU,wt
293,14,3,10.42,16.65830320184622,PFU,wt
294,14,3,9.97,608585677.2999554,CFU,sp
295,14,3,9.98,2.0773113333943547,PFU,sp
296,14,4,10.48,960851647.4219812,CFU,wt
297,14,4,9.56,12.879997985898708,PFU,wt
298,14,4,10.3,655544315.034312,CFU,sp
299,14,4,9.52,1.7980781003504585,PFU,sp
300,15,0,10.1,906026169.6171653,CFU,wt
301,15,0,9.92,14.394907927779638,PFU,wt
302,15,0,10.42,672858731.2190572,CFU,sp
303,15,0,9.53,1.8038258839469776,PFU,sp
304,15,1,10.09,904539280.502946,CFU,wt
305,15,1,10.19,15.59480030748533,PFU,wt
306,15,1,9.84,590405120.5487965,CFU,sp
307,15,1,10.36,2.331414462327754,PFU,sp
308,15,2,10.38,946754900.7233524,CFU,wt
309,15,2,9.69,13.415622373009622,PFU,wt
310,15,2,10.08,624118585.5978843,CFU,sp
311,15,2,10.19,2.2150719556052456,PFU,sp
312,15,3,9.75,852810799.1297272,CFU,wt
313,15,3,9.64,13.208069137800392,PFU,wt
314,15,3,9.76,579319949.5570649,CFU,sp
315,15,3,9.58,1.8327769411898545,PFU,sp
316,15,4,10.49,962247623.7106284,CFU,wt
317,15,4,9.67,13.332370347476232,PFU,wt
318,15,4,9.75,577940092.8016031,CFU,sp
319,15,4,9.93,2.045472166030543,PFU,sp
320,16,0,10.18,917843798.1328845,CFU,wt
321,16,0,10.21,15.685790771023841,PFU,wt
322,16,0,10.36,664187890.2310096,CFU,sp
323,16,0,9.85,1.9952916091405475,PFU,sp
324,16,1,10.34,941047752.1420034,CFU,wt
325,16,1,10.28,16.006506805325788,PFU,wt
326,16,1,10.09,625537008.2506065,CFU,sp
327,16,1,9.92,2.0391483842460514,PFU,sp
328,16,2,10.35,942478144.5060289,CFU,wt
329,16,2,10.13,15.323556446254667,PFU,wt
330,16,2,9.57,553335163.0929943,CFU,sp
331,16,2,9.92,2.0391483842460514,PFU,sp
332,16,3,9.57,824614214.7775011,CFU,wt
333,16,3,9.94,14.481946400262409,PFU,wt
334,16,3,9.870000000000001,594582735.6546824,CFU,sp
335,16,3,9.65,1.8739051423350492,PFU,sp
336,16,4,9.73,849702823.7476032,CFU,wt
337,16,4,10.23,15.777067643942512,PFU,wt
338,16,4,9.99,611400059.5148289,CFU,sp
339,16,4,9.94,2.051810616038103,PFU,sp
340,17,0,9.52,816698202.6721646,CFU,wt
341,17,0,10.32,16.191333006820585,PFU,wt
342,17,0,10.08,624118585.5978843,CFU,sp
343,17,0,9.92,2.0391483842460514,PFU,sp
344,17,1,9.97,886535303.4868376,CFU,wt
345,17,1,10.43,16.70538222556957,PFU,wt
346,17,1,10.3,655544315.034312,CFU,sp
347,17,1,10.39,2.3523970151216127,PFU,sp
348,17,2,9.83,865175140.3770976,CFU,wt
349,17,2,9.790000000000001,13.836472738363845,PFU,wt
350,17,2,10.14,632644189.539313,CFU,sp
351,17,2,9.51,1.7923444237054276,PFU,sp
352,17,3,10.21,922239132.60098,CFU,wt
353,17,3,9.63,13.166789535490281,PFU,wt
354,17,3,10.1,626956447.8309109,CFU,sp
355,17,3,9.94,2.051810616038103,PFU,sp
356,17,4,9.81,862094418.6826407,CFU,wt
357,17,4,10.17,15.504097165088675,PFU,wt
358,17,4,9.96,607180170.6639886,CFU,sp
359,17,4,9.790000000000001,1.9582684802469414,PFU,sp
360,18,0,10.32,938179816.0406895,CFU,wt
361,18,0,9.52,12.717825115780357,PFU,wt
362,18,0,10.47,680103703.5450561,CFU,sp
363,18,0,10.28,2.276124296955474,PFU,sp
364,18,1,9.66,838774313.0619631,CFU,wt
365,18,1,10.22,15.731393463638813,PFU,wt
366,18,1,9.64,562850179.9905821,CFU,sp
367,18,1,10.21,2.2285342983489693,PFU,sp
368,18,2,10.19,919311142.2228388,CFU,wt
369,18,2,10.18,15.549412764504313,PFU,wt
370,18,2,9.94,604372570.7903229,CFU,sp
371,18,2,10.4,2.359421410611001,PFU,sp
372,18,3,9.700000000000001,845028665.5795715,CFU,wt
373,18,3,9.66,13.29085962154809,PFU,wt
374,18,3,9.73,575184329.8266332,CFU,sp
375,18,3,9.98,2.0773113333943547,PFU,sp
376,18,4,10.450000000000001,956648649.4802656,CFU,wt
377,18,4,10.33,16.23771563322219,PFU,wt
378,18,4,10.02,615629920.9113946,CFU,sp
379,18,4,10.27,2.269280721671142,PFU,sp
380,19,0,9.88,872845649.2952325,CFU,wt
381,19,0,9.92,14.394907927779638,PFU,wt
382,19,0,9.620000000000001,560124477.7745786,CFU,sp
383,19,0,9.61,1.850317830059554,PFU,sp
384,19,1,9.8,860551431.364297,CFU,wt
385,19,1,10.42,16.65830320184622,PFU,wt
386,19,1,10.02,615629920.9113946,CFU,sp
387,19,1,10.33,2.3105677031387093,PFU,sp
388,19,2,10.0,891063658.195832,CFU,wt
389,19,2,9.67,13.332370347476232,PFU,wt
390,19,2,10.31,656982926.6577199,CFU,sp
391,19,2,10.25,2.2556386099497834,PFU,sp
392,19,3,10.290000000000001,933860184.0165012,CFU,wt
393,19,3,9.57,12.92073565406688,PFU,wt
394,19,3,9.620000000000001,560124477.7745786,CFU,sp
395,19,3,9.84,1.9890847362881583,PFU,sp
396,19,4,9.72,848146382.3140684,CFU,wt
397,19,4,10.32,16.191333006820585,PFU,wt
398,19,4,9.55,550629573.7289388,CFU,sp
399,19,4,9.77,1.9460435200011568,PFU,sp
400,20,0,9.81,862094418.6826407,CFU,wt
401,20,0,10.06,15.010405637434095,PFU,wt
402,20,0,9.58,554690145.0264009,CFU,sp
403,20,0,10.290000000000001,2.2829828965113816,PFU,sp
404,20,1,10.18,917843798.1328845,CFU,wt
405,20,1,9.77,13.751692865570204,PFU,wt
406,20,1,9.9,598771271.629141,CFU,sp
407,20,1,9.61,1.850317830059554,PFU,sp
408,20,2,10.48,960851647.4219812,CFU,wt
409,20,2,9.66,13.29085962154809,PFU,wt
410,20,2,10.0,612808917.2196454,CFU,sp
411,20,2,10.24,2.2488400562708377,PFU,sp
412,20,3,9.63,834067468.0867445,CFU,wt
413,20,3,9.78,13.794044818033061,PFU,wt
414,20,3,9.81,586238656.8966845,CFU,sp
415,20,3,10.450000000000001,2.394770294150412,PFU,sp
416,20,4,10.24,926614207.8295062,CFU,wt
417,20,4,9.92,14.394907927779638,PFU,wt
418,20,4,9.61,558763749.0894246,CFU,sp
419,20,4,10.19,2.2150719556052456,PFU,sp
420,21,0,10.290000000000001,933860184.0165012,CFU,wt
421,21,0,9.870000000000001,14.178620275002961,PFU,wt
422,21,0,10.05,619869511.5180517,CFU,sp
423,21,0,9.61,1.850317830059554,PFU,sp
424,21,1,9.790000000000001,859006711.9406546,CFU,wt
425,21,1,10.47,16.89438664444527,PFU,wt
426,21,1,9.620000000000001,560124477.7745786,CFU,sp
427,21,1,10.3,2.289856528701241,PFU,sp
428,21,2,9.89,874374275.4966784,CFU,wt
429,21,2,10.07,15.054922553125454,PFU,wt
430,21,2,9.540000000000001,549278981.2910464,CFU,sp
431,21,2,9.5,1.78662483856921,PFU,sp
432,21,3,9.5,813522527.1471375,CFU,wt
433,21,3,10.32,16.191333006820585,PFU,wt
434,21,3,9.56,551981636.8221196,CFU,sp
435,21,3,10.16,2.1949905005966563,PFU,sp
436,21,4,10.03,895573998.3736597,CFU,wt
437,21,4,9.55,12.839338027954154,PFU,wt
438,21,4,9.71,572433888.5068696,CFU,sp
439,21,4,10.08,2.142095529568214,PFU,sp
440,22,0,9.61,830922142.151673,CFU,wt
441,22,0,9.89,14.264910537164791,PFU,wt
442,22,0,9.74,576561550.16902,CFU,sp
443,22,0,9.86,2.0015130522779327,PFU,sp
444,22,1,10.38,946754900.7233524,CFU,wt
445,22,1,9.950000000000001,14.525577408262016,PFU,wt
446,22,1,9.92,601569581.026694,CFU,sp
447,22,1,10.03,2.109518656202034,PFU,sp
448,22,2,10.38,946754900.7233524,CFU,wt
449,22,2,10.48,16.94180919815293,PFU,wt
450,22,2,9.88,595977712.3465495,CFU,sp
451,22,2,10.120000000000001,2.1684240036396005,PFU,sp
452,22,3,10.14,911952358.6011204,CFU,wt
453,22,3,9.65,13.249425858945083,PFU,wt
454,22,3,10.23,645497445.9307353,CFU,sp
455,22,3,10.47,2.409015865131187,PFU,sp
456,22,4,10.33,939614972.6696973,CFU,wt
457,22,4,9.85,14.09263062625721,PFU,wt
458,22,4,10.0,612808917.2196454,CFU,sp
459,22,4,9.65,1.8739051423350492,PFU,sp
460,23,0,10.11,907510933.8251894,CFU,wt
461,23,0,10.46,16.847032543489306,PFU,wt
462,23,0,9.790000000000001,583467322.3669512,CFU,sp
463,23,0,9.91,2.032839258765961,PFU,sp
464,23,1,9.5,813522527.1471375,CFU,wt
465,23,1,10.07,15.054922553125454,PFU,wt
466,23,1,10.0,612808917.2196454,CFU,sp
467,23,1,10.25,2.2556386099497834,PFU,sp
468,23,2,9.9,875901044.6084628,CFU,wt
469,23,2,10.32,16.191333006820585,PFU,wt
470,23,2,9.66,565581490.232745,CFU,sp
471,23,2,10.49,2.423322096682312,PFU,sp
472,23,3,10.09,904539280.502946,CFU,wt
473,23,3,9.82,13.964211426265848,PFU,wt
474,23,3,9.53,547929866.9483417,CFU,sp
475,23,3,10.17,2.2016693902684983,PFU,sp
476,23,4,10.31,936742292.29243,CFU,wt
477,23,4,10.46,16.847032543489306,PFU,wt
478,23,4,10.18,638347455.2376904,CFU,sp
479,23,4,10.14,2.181677459301268,PFU,sp
480,24,0,9.82,863635659.7214118,CFU,wt
481,24,0,10.14,15.36858315123744,PFU,wt
482,24,0,10.43,674306371.044318,CFU,sp
483,24,0,10.06,2.1290203473691904,PFU,sp
484,24,1,9.790000000000001,859006711.9406546,CFU,wt
485,24,1,9.9,14.308168163009231,PFU,wt
486,24,1,9.83,589015048.971146,CFU,sp
487,24,1,9.63,1.8620829431115984,PFU,sp
488,24,2,10.41,951009822.9787076,CFU,wt
489,24,2,9.51,12.677476695101348,PFU,wt
490,24,2,9.91,600169836.9108927,CFU,sp
491,24,2,9.5,1.78662483856921,PFU,sp
492,24,3,9.72,848146382.3140684,CFU,wt
493,24,3,10.44,16.75253020764834,PFU,wt
494,24,3,10.03,617042048.843183,CFU,sp
495,24,3,10.13,2.1750432881985367,PFU,sp
496,24,4,9.97,886535303.4868376,CFU,wt
497,24,4,9.73,13.583046462847301,PFU,wt
498,24,4,9.9,598771271.629141,CFU,sp
499,24,4,9.57,1.8269583939513974,PFU,sp
500,25,0,9.63,834067468.0867445,CFU,wt
501,25,0,9.55,12.839338027954154,PFU,wt
502,25,0,9.91,600169836.9108927,CFU,sp
503,25,0,10.19,2.2150719556052456,PFU,sp
504,25,1,10.290000000000001,933860184.0165012,CFU,wt
505,25,1,10.25,15.86863000573792,PFU,wt
506,25,1,9.92,601569581.026694,CFU,sp
507,25,1,10.01,2.0965914577956117,PFU,sp
508,25,2,9.84,866712846.6173913,CFU,wt
509,25,2,10.41,16.611293261760093,PFU,wt
510,25,2,9.86,593188972.4144278,CFU,sp
511,25,2,10.32,2.303648923912703,PFU,sp
512,25,3,10.48,960851647.4219812,CFU,wt
513,25,3,10.41,16.611293261760093,PFU,wt
514,25,3,9.76,579319949.5570649,CFU,sp
515,25,3,9.93,2.045472166030543,PFU,sp
516,25,4,10.25,928068013.1804616,CFU,wt
517,25,4,10.47,16.89438664444527,PFU,wt
518,25,4,10.31,656982926.6577199,CFU,sp
519,25,4,10.44,2.3876702401623247,PFU,sp
520,26,0,10.4,949593957.4233278,CFU,wt
521,26,0,10.41,16.611293261760093,PFU,wt
522,26,0,10.15,634068574.099449,CFU,sp
523,26,0,9.64,1.8679868997032907,PFU,sp
524,26,1,10.14,911952358.6011204,CFU,wt
525,26,1,9.65,13.249425858945083,PFU,wt
526,26,1,9.63,561486623.9875553,CFU,sp
527,26,1,9.75,1.9338764258269734,PFU,sp
528,26,2,9.72,848146382.3140684,CFU,wt
529,26,2,10.4,16.56435253013662,PFU,wt
530,26,2,9.96,607180170.6639886,CFU,sp
531,26,2,9.83,1.9828924210665455,PFU,sp
532,26,3,10.49,962247623.7106284,CFU,wt
533,26,3,10.31,16.145020691058896,PFU,wt
534,26,3,9.5,543891466.3222998,CFU,sp
535,26,3,10.02,2.103047671375725,PFU,sp
536,26,4,10.49,962247623.7106284,CFU,wt
537,26,4,9.59,13.002443835453093,PFU,wt
538,26,4,10.07,622701189.1182187,CFU,sp
539,26,4,10.34,2.3175015474069998,PFU,sp
540,27,0,10.370000000000001,945331728.5330423,CFU,wt
541,27,0,9.67,13.332370347476232,PFU,wt
542,27,0,9.69,569688833.479197,CFU,sp
543,27,0,9.89,2.020264928579003,PFU,sp
544,27,1,9.6,829347296.4933684,CFU,wt
545,27,1,9.790000000000001,13.836472738363845,PFU,wt
546,27,1,9.92,601569581.026694,CFU,sp
547,27,1,10.41,2.3664609238126335,PFU,sp
548,27,2,10.24,926614207.8295062,CFU,wt
549,27,2,9.92,14.394907927779638,PFU,wt
550,27,2,9.870000000000001,594582735.6546824,CFU,sp
551,27,2,9.700000000000001,1.903711146939256,PFU,sp
552,27,3,10.38,946754900.7233524,CFU,wt
553,27,3,10.18,15.549412764504313,PFU,wt
554,27,3,9.84,590405120.5487965,CFU,sp
555,27,3,9.6,1.8444566443985035,PFU,sp
556,27,4,9.65,837206870.9774934,CFU,wt
557,27,4,9.68,13.373957957842572,PFU,wt
558,27,4,10.35,662745343.0077696,CFU,sp
559,27,4,9.94,2.051810616038103,PFU,sp
560,28,0,10.31,936742292.29243,CFU,wt
561,28,0,10.33,16.23771563322219,PFU,wt
562,28,0,10.1,626956447.8309109,CFU,sp
563,28,0,9.52,1.7980781003504585,PFU,sp
564,28,1,10.17,916374236.3782508,CFU,wt
565,28,1,9.9,14.308168163009231,PFU,wt
566,28,1,9.89,597373893.8841513,CFU,sp
567,28,1,9.65,1.8739051423350492,PFU,sp
568,28,2,9.83,865175140.3770976,CFU,wt
569,28,2,9.84,14.049748764627612,PFU,wt
570,28,2,10.28,652669551.4887767,CFU,sp
571,28,2,9.93,2.045472166030543,PFU,sp
572,28,3,10.35,942478144.5060289,CFU,wt
573,28,3,9.9,14.308168163009231,PFU,wt
574,28,3,9.620000000000001,560124477.7745786,CFU,sp
575,28,3,9.96,2.064531567929469,PFU,sp
576,28,4,10.46,958052151.5246236,CFU,wt
577,28,4,10.290000000000001,16.052607471045853,PFU,wt
578,28,4,10.3,655544315.034312,CFU,sp
579,28,4,10.17,2.2016693902684983,PFU,sp
580,29,0,10.370000000000001,945331728.5330423,CFU,wt
581,29,0,10.07,15.054922553125454,PFU,wt
582,29,0,9.84,590405120.5487965,CFU,sp
583,29,0,9.78,1.952148760214323,PFU,sp
584,29,1,10.42,952423234.1791701,CFU,wt
585,29,1,10.120000000000001,15.278602242076394,PFU,wt
586,29,1,9.99,611400059.5148289,CFU,sp
587,29,1,9.96,2.064531567929469,PFU,sp
588,29,2,9.81,862094418.6826407,CFU,wt
589,29,2,9.89,14.264910537164791,PFU,wt
590,29,2,9.66,565581490.232745,CFU,sp
591,29,2,9.97,2.0709140931819894,PFU,sp
592,29,3,10.22,923699756.6941139,CFU,wt
593,29,3,9.73,13.583046462847301,PFU,wt
594,29,3,10.42,672858731.2190572,CFU,sp
595,29,3,10.0,2.0901500043958743,PFU,sp
596,29,4,9.61,830922142.151673,CFU,wt
597,29,4,9.72,13.54107563974984,PFU,wt
598,29,4,10.39,668520036.7853725,CFU,sp
599,29,4,10.27,2.269280721671142,PFU,sp
600,30,0,9.6,829347296.4933684,CFU,wt
601,30,0,10.16,15.458853621820715,PFU,wt
602,30,0,10.02,615629920.9113946,CFU,sp
603,30,0,9.94,2.051810616038103,PFU,sp
604,30,1,10.23,925158118.7328824,CFU,wt
605,30,1,10.13,15.323556446254667,PFU,wt
606,30,1,9.6,557404445.6331073,CFU,sp
607,30,1,10.17,2.2016693902684983,PFU,sp
608,30,2,9.6,829347296.4933684,CFU,wt
609,30,2,10.14,15.36858315123744,PFU,wt
610,30,2,9.74,576561550.16902,CFU,sp
611,30,2,10.11,2.1618195956352046,PFU,sp
612,30,3,10.14,911952358.6011204,CFU,wt
613,30,3,10.03,14.877294850849355,PFU,wt
614,30,3,9.68,568318345.8691064,CFU,sp
615,30,3,10.13,2.1750432881985367,PFU,sp
616,30,4,9.68,841904602.6184922,CFU,wt
617,30,4,9.88,14.221727876290752,PFU,wt
618,30,4,10.41,671411788.8738114,CFU,sp
619,30,4,10.39,2.3523970151216127,PFU,sp
620,31,0,10.16,914902468.2649488,CFU,wt
621,31,0,10.34,16.284168449740495,PFU,wt
622,31,0,9.790000000000001,583467322.3669512,CFU,sp
623,31,0,10.15,2.1883265268374097,PFU,sp
624,31,1,9.72,848146382.3140684,CFU,wt
625,31,1,9.66,13.29085962154809,PFU,wt
626,31,1,9.67,566949228.813818,CFU,sp
627,31,1,10.46,2.4018855002849073,PFU,sp
628,31,2,9.620000000000001,832495537.8249065,CFU,wt
629,31,2,9.72,13.54107563974984,PFU,wt
630,31,2,9.86,593188972.4144278,CFU,sp
631,31,2,10.120000000000001,2.1684240036396005,PFU,sp
632,31,3,10.39,948175646.8602537,CFU,wt
633,31,3,9.68,13.373957957842572,PFU,wt
634,31,3,9.9,598771271.629141,CFU,sp
635,31,3,10.46,2.4018855002849073,PFU,sp
636,31,4,9.91,877425943.1087157,CFU,wt
637,31,4,10.48,16.94180919815293,PFU,wt
638,31,4,9.74,576561550.16902,CFU,sp
639,31,4,9.950000000000001,2.05816374609394,PFU,sp
640,32,0,9.6,829347296.4933684,CFU,wt
641,32,0,10.16,15.458853621820715,PFU,wt
642,32,0,9.82,587626224.9401932,CFU,sp
643,32,0,10.200000000000001,2.221795650145617,PFU,sp
644,32,1,9.69,843467419.9247674,CFU,wt
645,32,1,9.9,14.308168163009231,PFU,wt
646,32,1,9.84,590405120.5487965,CFU,sp
647,32,1,9.74,1.9278145450434554,PFU,sp
648,32,2,10.120000000000001,908993561.2451407,CFU,wt
649,32,2,10.46,16.847032543489306,PFU,wt
650,32,2,9.88,595977712.3465495,CFU,sp
651,32,2,9.99,2.0837233000146513,PFU,sp
652,32,3,10.16,914902468.2649488,CFU,wt
653,32,3,9.72,13.54107563974984,PFU,wt
654,32,3,10.3,655544315.034312,CFU,sp
655,32,3,9.620000000000001,1.8561932580834235,PFU,sp
656,32,4,9.71,846588324.6613617,CFU,wt
657,32,4,9.59,13.002443835453093,PFU,wt
658,32,4,9.94,604372570.7903229,CFU,sp
659,32,4,9.700000000000001,1.903711146939256,PFU,sp
660,33,0,10.46,958052151.5246236,CFU,wt
661,33,0,10.33,16.23771563322219,PFU,wt
662,33,0,10.02,615629920.9113946,CFU,sp
663,33,0,10.06,2.1290203473691904,PFU,sp
664,33,1,9.74,851257634.2383628,CFU,wt
665,33,1,9.86,14.135587827239535,PFU,wt
666,33,1,10.22,644065640.1075661,CFU,sp
667,33,1,9.56,1.8211540296948254,PFU,sp
668,33,2,9.59,827771016.3369578,CFU,wt
669,33,2,10.41,16.611293261760093,PFU,wt
670,33,2,9.63,561486623.9875553,CFU,sp
671,33,2,9.93,2.045472166030543,PFU,sp
672,33,3,9.89,874374275.4966784,CFU,wt
673,33,3,9.540000000000001,12.798755850658885,PFU,wt
674,33,3,9.85,591796431.1990068,CFU,sp
675,33,3,9.63,1.8620829431115984,PFU,sp
676,33,4,10.03,895573998.3736597,CFU,wt
677,33,4,10.28,16.006506805325788,PFU,wt
678,33,4,10.06,621284828.0287479,CFU,sp
679,33,4,10.22,2.2352879093996423,PFU,sp
680,34,0,9.67,840340228.6472453,CFU,wt
681,34,0,9.950000000000001,14.525577408262016,PFU,wt
682,34,0,9.540000000000001,549278981.2910464,CFU,sp
683,34,0,10.47,2.409015865131187,PFU,sp
684,34,1,9.52,816698202.6721646,CFU,wt
685,34,1,10.32,16.191333006820585,PFU,wt
686,34,1,9.51,545236102.1188676,CFU,sp
687,34,1,10.22,2.2352879093996423,PFU,sp
688,34,2,10.09,904539280.502946,CFU,wt
689,34,2,10.44,16.75253020764834,PFU,wt
690,34,2,10.35,662745343.0077696,CFU,sp
691,34,2,10.19,2.2150719556052456,PFU,sp
692,34,3,10.48,960851647.4219812,CFU,wt
693,34,3,10.46,16.847032543489306,PFU,wt
694,34,3,9.67,566949228.813818,CFU,sp
695,34,3,9.69,1.8977212598789999,PFU,sp
696,34,4,10.06,900065983.7588294,CFU,wt
697,34,4,10.01,14.788922008062805,PFU,wt
698,34,4,9.96,607180170.6639886,CFU,sp
699,34,4,9.77,1.9460435200011568,PFU,sp
700,35,0,10.290000000000001,933860184.0165012,CFU,wt
701,35,0,10.33,16.23771563322219,PFU,wt
702,35,0,9.94,604372570.7903229,CFU,sp
703,35,0,9.69,1.8977212598789999,PFU,sp
704,35,1,10.08,903050278.4456488,CFU,wt
705,35,1,9.55,12.839338027954154,PFU,wt
706,35,1,10.36,664187890.2310096,CFU,sp
707,35,1,10.02,2.103047671375725,PFU,sp
708,35,2,9.9,875901044.6084628,CFU,wt
709,35,2,9.72,13.54107563974984,PFU,wt
710,35,2,10.03,617042048.843183,CFU,sp
711,35,2,9.68,1.8917457299881903,PFU,sp
712,35,3,9.88,872845649.2952325,CFU,wt
713,35,3,10.39,16.517481131340535,PFU,wt
714,35,3,9.51,545236102.1188676,CFU,sp
715,35,3,10.09,2.148655368836563,PFU,sp
716,35,4,9.72,848146382.3140684,CFU,wt
717,35,4,10.13,15.323556446254667,PFU,wt
718,35,4,9.52,546582238.1029042,CFU,sp
719,35,4,10.34,2.3175015474069998,PFU,sp
720,36,0,9.700000000000001,845028665.5795715,CFU,wt
721,36,0,10.44,16.75253020764834,PFU,wt
722,36,0,9.540000000000001,549278981.2910464,CFU,sp
723,36,0,10.42,2.373515561826965,PFU,sp
724,36,1,10.17,916374236.3782508,CFU,wt
725,36,1,9.56,12.879997985898708,PFU,wt
726,36,1,9.75,577940092.8016031,CFU,sp
727,36,1,9.96,2.064531567929469,PFU,sp
728,36,2,9.67,840340228.6472453,CFU,wt
729,36,2,9.6,13.043414203910297,PFU,wt
730,36,2,9.92,601569581.026694,CFU,sp
731,36,2,10.13,2.1750432881985367,PFU,sp
732,36,3,9.93,880470074.5603386,CFU,wt
733,36,3,9.77,13.751692865570204,PFU,wt
734,36,3,9.67,566949228.813818,CFU,sp
735,36,3,10.31,2.2967452017835543,PFU,sp
736,36,4,10.17,916374236.3782508,CFU,wt
737,36,4,9.790000000000001,13.836472738363845,PFU,wt
738,36,4,10.44,675754698.2841866,CFU,sp
739,36,4,10.200000000000001,2.221795650145617,PFU,sp
740,37,0,10.27,930968729.8536816,CFU,wt
741,37,0,10.200000000000001,15.640259680890503,PFU,wt
742,37,0,10.09,625537008.2506065,CFU,sp
743,37,0,10.4,2.359421410611001,PFU,sp
744,37,1,9.91,877425943.1087157,CFU,wt
745,37,1,9.89,14.264910537164791,PFU,wt
746,37,1,10.19,639775626.5567847,CFU,sp
747,37,1,10.09,2.148655368836563,PFU,sp
748,37,2,10.06,900065983.7588294,CFU,wt
749,37,2,10.47,16.89438664444527,PFU,wt
750,37,2,9.99,611400059.5148289,CFU,sp
751,37,2,9.8,1.964402693290318,PFU,sp
752,37,3,9.98,888046735.4057192,CFU,wt
753,37,3,10.28,16.006506805325788,PFU,wt
754,37,3,9.9,598771271.629141,CFU,sp
755,37,3,10.22,2.2352879093996423,PFU,sp
756,37,4,9.84,866712846.6173913,CFU,wt
757,37,4,9.69,13.415622373009622,PFU,wt
758,37,4,10.16,635493919.5319427,CFU,sp
759,37,4,10.28,2.276124296955474,PFU,sp
760,38,0,10.36,943906139.8961943,CFU,wt
761,38,0,9.66,13.29085962154809,PFU,wt
762,38,0,9.790000000000001,583467322.3669512,CFU,sp
763,38,0,9.63,1.8620829431115984,PFU,sp
764,38,1,10.200000000000001,920776257.4253217,CFU,wt
765,38,1,10.1,15.188911774451281,PFU,wt
766,38,1,9.620000000000001,560124477.7745786,CFU,sp
767,38,1,9.9,2.026544777578475,PFU,sp
768,38,2,10.15,913428505.1819831,CFU,wt
769,38,2,10.33,16.23771563322219,PFU,wt
770,38,2,9.66,565581490.232745,CFU,sp
771,38,2,9.99,2.0837233000146513,PFU,sp
772,38,3,9.89,874374275.4966784,CFU,wt
773,38,3,10.370000000000001,16.423946827359867,PFU,wt
774,38,3,10.06,621284828.0287479,CFU,sp
775,38,3,9.790000000000001,1.9582684802469414,PFU,sp
776,38,4,10.39,948175646.8602537,CFU,wt
777,38,4,9.6,13.043414203910297,PFU,wt
778,38,4,9.91,600169836.9108927,CFU,sp
779,38,4,10.07,2.1355505259067873,PFU,sp
780,39,0,10.24,926614207.8295062,CFU,wt
781,39,0,10.450000000000001,16.799747022348743,PFU,wt
782,39,0,9.94,604372570.7903229,CFU,sp
783,39,0,9.6,1.8444566443985035,PFU,sp
784,39,1,9.78,857460274.6562958,CFU,wt
785,39,1,10.31,16.145020691058896,PFU,wt
786,39,1,10.24,646930136.3981134,CFU,sp
787,39,1,9.63,1.8620829431115984,PFU,sp
788,39,2,9.75,852810799.1297272,CFU,wt
789,39,2,9.81,13.921556131218795,PFU,wt
790,39,2,10.23,645497445.9307353,CFU,sp
791,39,2,10.31,2.2967452017835543,PFU,sp
792,39,3,10.01,892569123.470495,CFU,wt
793,39,3,9.790000000000001,13.836472738363845,PFU,wt
794,39,3,9.61,558763749.0894246,CFU,sp
795,39,3,9.5,1.78662483856921,PFU,sp
796,39,4,10.48,960851647.4219812,CFU,wt
797,39,4,10.32,16.191333006820585,PFU,wt
798,39,4,10.3,655544315.034312,CFU,sp
799,39,4,9.58,1.8327769411898545,PFU,sp
800,40,0,9.84,866712846.6173913,CFU,wt
801,40,0,9.81,13.921556131218795,PFU,wt
802,40,0,10.41,671411788.8738114,CFU,sp
803,40,0,10.26,2.262452162192376,PFU,sp
804,40,1,9.78,857460274.6562958,CFU,wt
805,40,1,10.24,15.822813196599881,PFU,wt
806,40,1,9.540000000000001,549278981.2910464,CFU,sp
807,40,1,9.56,1.8211540296948254,PFU,sp
808,40,2,9.72,848146382.3140684,CFU,wt
809,40,2,9.86,14.135587827239535,PFU,wt
810,40,2,10.19,639775626.5567847,CFU,sp
811,40,2,10.44,2.3876702401623247,PFU,sp
812,40,3,10.11,907510933.8251894,CFU,wt
813,40,3,9.57,12.92073565406688,PFU,wt
814,40,3,10.34,661303563.1509303,CFU,sp
815,40,3,10.040000000000001,2.1160044232440085,PFU,sp
816,40,4,10.3,935302411.5481062,CFU,wt
817,40,4,9.700000000000001,13.457363512592579,PFU,wt
818,40,4,10.450000000000001,677203702.8536592,CFU,sp
819,40,4,10.08,2.142095529568214,PFU,sp
820,41,0,9.58,826193317.2294844,CFU,wt
821,41,0,10.05,14.965961978223815,PFU,wt
822,41,0,9.72,573808439.9068229,CFU,sp
823,41,0,10.3,2.289856528701241,PFU,sp
824,41,1,10.03,895573998.3736597,CFU,wt
825,41,1,9.700000000000001,13.457363512592579,PFU,wt
826,41,1,10.48,681554679.4014564,CFU,sp
827,41,1,9.51,1.7923444237054276,PFU,sp
828,41,2,10.32,938179816.0406895,CFU,wt
829,41,2,9.52,12.717825115780357,PFU,wt
830,41,2,10.36,664187890.2310096,CFU,sp
831,41,2,9.5,1.78662483856921,PFU,sp
832,41,3,9.57,824614214.7775011,CFU,wt
833,41,3,9.620000000000001,13.125587128630942,PFU,wt
834,41,3,10.3,655544315.034312,CFU,sp
835,41,3,10.040000000000001,2.1160044232440085,PFU,sp
836,41,4,10.13,910474040.0766499,CFU,wt
837,41,4,9.84,14.049748764627612,PFU,wt
838,41,4,9.69,569688833.479197,CFU,sp
839,41,4,9.620000000000001,1.8561932580834235,PFU,sp
840,42,0,9.65,837206870.9774934,CFU,wt
841,42,0,9.9,14.308168163009231,PFU,wt
842,42,0,10.25,648363701.8669971,CFU,sp
843,42,0,10.48,2.416161395147008,PFU,sp
844,42,1,9.98,888046735.4057192,CFU,wt
845,42,1,9.77,13.751692865570204,PFU,wt
846,42,1,10.370000000000001,665631194.8999877,CFU,sp
847,42,1,10.26,2.262452162192376,PFU,sp
848,42,2,9.56,823033724.6464955,CFU,wt
849,42,2,10.3,16.09877880596074,PFU,wt
850,42,2,9.82,587626224.9401932,CFU,sp
851,42,2,9.59,1.8386096863768955,PFU,sp
852,42,3,10.49,962247623.7106284,CFU,wt
853,42,3,9.77,13.751692865570204,PFU,wt
854,42,3,9.81,586238656.8966845,CFU,sp
855,42,3,10.41,2.3664609238126335,PFU,sp
856,42,4,9.89,874374275.4966784,CFU,wt
857,42,4,10.22,15.731393463638813,PFU,wt
858,42,4,9.68,568318345.8691064,CFU,sp
859,42,4,9.88,2.0139996995704967,PFU,sp
860,43,0,10.18,917843798.1328845,CFU,wt
861,43,0,9.65,13.249425858945083,PFU,wt
862,43,0,9.55,550629573.7289388,CFU,sp
863,43,0,10.28,2.276124296955474,PFU,sp
864,43,1,9.620000000000001,832495537.8249065,CFU,wt
865,43,1,9.83,14.006942334233644,PFU,wt
866,43,1,9.72,573808439.9068229,CFU,sp
867,43,1,10.39,2.3523970151216127,PFU,sp
868,43,2,10.38,946754900.7233524,CFU,wt
869,43,2,10.13,15.323556446254667,PFU,wt
870,43,2,10.46,678653374.6484076,CFU,sp
871,43,2,9.56,1.8211540296948254,PFU,sp
872,43,3,10.48,960851647.4219812,CFU,wt
873,43,3,9.72,13.54107563974984,PFU,wt
874,43,3,9.63,561486623.9875553,CFU,sp
875,43,3,10.07,2.1355505259067873,PFU,sp
876,43,4,9.6,829347296.4933684,CFU,wt
877,43,4,10.15,15.413682246719649,PFU,wt
878,43,4,10.49,683006292.0569648,CFU,sp
879,43,4,10.28,2.276124296955474,PFU,sp
880,44,0,10.48,960851647.4219812,CFU,wt
881,44,0,10.040000000000001,14.921591681048358,PFU,wt
882,44,0,9.76,579319949.5570649,CFU,sp
883,44,0,9.51,1.7923444237054276,PFU,sp
884,44,1,9.53,818284085.7060536,CFU,wt
885,44,1,9.620000000000001,13.125587128630942,PFU,wt
886,44,1,9.92,601569581.026694,CFU,sp
887,44,1,10.14,2.181677459301268,PFU,sp
888,44,2,9.92,878948957.5501267,CFU,wt
889,44,2,9.870000000000001,14.178620275002961,PFU,wt
890,44,2,9.73,575184329.8266332,CFU,sp
891,44,2,10.28,2.276124296955474,PFU,sp
892,44,3,9.68,841904602.6184922,CFU,wt
893,44,3,10.120000000000001,15.278602242076394,PFU,wt
894,44,3,9.51,545236102.1188676,CFU,sp
895,44,3,9.81,1.9705514124471357,PFU,sp
896,44,4,10.16,914902468.2649488,CFU,wt
897,44,4,9.950000000000001,14.525577408262016,PFU,wt
898,44,4,10.05,619869511.5180517,CFU,sp
899,44,4,10.18,2.208363205441945,PFU,sp
900,45,0,10.17,916374236.3782508,CFU,wt
901,45,0,9.75,13.66721721137656,PFU,wt
902,45,0,10.450000000000001,677203702.8536592,CFU,sp
903,45,0,9.82,1.9767146507310924,PFU,sp
904,45,1,9.950000000000001,883506563.1748086,CFU,wt
905,45,1,9.67,13.332370347476232,PFU,wt
906,45,1,10.17,636920216.3993399,CFU,sp
907,45,1,9.51,1.7923444237054276,PFU,sp
908,45,2,9.96,885021908.4125593,CFU,wt
909,45,2,9.61,13.084461993075369,PFU,wt
910,45,2,10.13,631220775.2622567,CFU,sp
911,45,2,9.74,1.9278145450434554,PFU,sp
912,45,3,10.0,891063658.195832,CFU,wt
913,45,3,9.540000000000001,12.798755850658885,PFU,wt
914,45,3,9.620000000000001,560124477.7745786,CFU,sp
915,45,3,10.370000000000001,2.3383935483459957,PFU,sp
916,45,4,10.31,936742292.29243,CFU,wt
917,45,4,9.61,13.084461993075369,PFU,wt
918,45,4,9.52,546582238.1029042,CFU,sp
919,45,4,9.75,1.9338764258269734,PFU,sp
920,46,0,10.02,894072574.397305,CFU,wt
921,46,0,9.63,13.166789535490281,PFU,wt
922,46,0,10.4,669965554.0541176,CFU,sp
923,46,0,10.05,2.1225049833744496,PFU,sp
924,46,1,10.01,892569123.470495,CFU,wt
925,46,1,9.97,14.613062474763932,PFU,wt
926,46,1,9.98,609992309.8908358,CFU,sp
927,46,1,10.46,2.4018855002849073,PFU,sp
928,46,2,10.370000000000001,945331728.5330423,CFU,wt
929,46,2,9.97,14.613062474763932,PFU,wt
930,46,2,9.75,577940092.8016031,CFU,sp
931,46,2,10.07,2.1355505259067873,PFU,sp
932,46,3,10.03,895573998.3736597,CFU,wt
933,46,3,9.61,13.084461993075369,PFU,wt
934,46,3,9.92,601569581.026694,CFU,sp
935,46,3,10.4,2.359421410611001,PFU,sp
936,46,4,9.71,846588324.6613617,CFU,wt
937,46,4,10.0,14.74484620226212,PFU,wt
938,46,4,10.46,678653374.6484076,CFU,sp
939,46,4,10.14,2.181677459301268,PFU,sp
940,47,0,9.71,846588324.6613617,CFU,wt
941,47,0,10.43,16.70538222556957,PFU,wt
942,47,0,10.07,622701189.1182187,CFU,sp
943,47,0,9.9,2.026544777578475,PFU,sp
944,47,1,9.82,863635659.7214118,CFU,wt
945,47,1,10.02,14.833071591952354,PFU,wt
946,47,1,9.55,550629573.7289388,CFU,sp
947,47,1,9.83,1.9828924210665455,PFU,sp
948,47,2,9.72,848146382.3140684,CFU,wt
949,47,2,9.68,13.373957957842572,PFU,wt
950,47,2,10.14,632644189.539313,CFU,sp
951,47,2,10.05,2.1225049833744496,PFU,sp
952,47,3,10.4,949593957.4233278,CFU,wt
953,47,3,10.02,14.833071591952354,PFU,wt
954,47,3,10.26,649798132.6701256,CFU,sp
955,47,3,9.93,2.045472166030543,PFU,sp
956,47,4,9.98,888046735.4057192,CFU,wt
957,47,4,9.75,13.66721721137656,PFU,wt
958,47,4,9.56,551981636.8221196,CFU,sp
959,47,4,10.16,2.1949905005966563,PFU,sp
960,48,0,9.78,857460274.6562958,CFU,wt
961,48,0,10.43,16.70538222556957,PFU,wt
962,48,0,9.61,558763749.0894246,CFU,sp
963,48,0,10.14,2.181677459301268,PFU,sp
964,48,1,10.25,928068013.1804616,CFU,wt
965,48,1,10.35,16.33069133535699,PFU,wt
966,48,1,9.89,597373893.8841513,CFU,sp
967,48,1,9.88,2.0139996995704967,PFU,sp
968,48,2,10.01,892569123.470495,CFU,wt
969,48,2,9.63,13.166789535490281,PFU,wt
970,48,2,10.17,636920216.3993399,CFU,sp
971,48,2,9.91,2.032839258765961,PFU,sp
972,48,3,10.120000000000001,908993561.2451407,CFU,wt
973,48,3,9.790000000000001,13.836472738363845,PFU,wt
974,48,3,10.450000000000001,677203702.8536592,CFU,sp
975,48,3,10.02,2.103047671375725,PFU,sp
976,48,4,9.59,827771016.3369578,CFU,wt
977,48,4,9.950000000000001,14.525577408262016,PFU,wt
978,48,4,10.040000000000001,618455248.7459301,CFU,sp
979,48,4,9.53,1.8038258839469776,PFU,sp
980,49,0,9.870000000000001,871315179.6001583,CFU,wt
981,49,0,10.27,15.960476927299679,PFU,wt
982,49,0,9.88,595977712.3465495,CFU,sp
983,49,0,10.3,2.289856528701241,PFU,sp
984,49,1,9.68,841904602.6184922,CFU,wt
985,49,1,10.32,16.191333006820585,PFU,wt
986,49,1,10.05,619869511.5180517,CFU,sp
987,49,1,9.57,1.8269583939513974,PFU,sp
988,49,2,10.09,904539280.502946,CFU,wt
989,49,2,10.38,16.470679189271515,PFU,wt
990,49,2,10.44,675754698.2841866,CFU,sp
991,49,2,10.16,2.1949905005966563,PFU,sp
992,49,3,10.24,926614207.8295062,CFU,wt
993,49,3,9.950000000000001,14.525577408262016,PFU,wt
994,49,3,10.36,664187890.2310096,CFU,sp
995,49,3,9.89,2.020264928579003,PFU,sp
996,49,4,10.22,923699756.6941139,CFU,wt
997,49,4,9.65,13.249425858945083,PFU,wt
998,49,4,9.56,551981636.8221196,CFU,sp
999,49,4,9.68,1.8917457299881903,PFU,sp
1000,50,0,10.39,948175646.8602537,CFU,wt
1001,50,0,9.790000000000001,13.836472738363845,PFU,wt
1002,50,0,9.700000000000001,571060683.6887938,CFU,sp
1003,50,0,10.11,2.1618195956352046,PFU,sp
1004,50,1,9.59,827771016.3369578,CFU,wt
1005,50,1,10.370000000000001,16.423946827359867,PFU,wt
1006,50,1,10.1,626956447.8309109,CFU,sp
1007,50,1,10.05,2.1225049833744496,PFU,sp
1008,50,2,9.91,877425943.1087157,CFU,wt
1009,50,2,9.99,14.70084427700372,PFU,wt
1010,50,2,9.58,554690145.0264009,CFU,sp
1011,50,2,9.69,1.8977212598789999,PFU,sp
1012,50,3,10.17,916374236.3782508,CFU,wt
1013,50,3,9.870000000000001,14.178620275002961,PFU,wt
1014,50,3,9.96,607180170.6639886,CFU,sp
1015,50,3,10.03,2.109518656202034,PFU,sp
1016,50,4,10.35,942478144.5060289,CFU,wt
1017,50,4,9.91,14.351500658534222,PFU,wt
1018,50,4,9.5,543891466.3222998,CFU,sp
1019,50,4,10.4,2.359421410611001,PFU,sp
1020,51,0,10.33,939614972.6696973,CFU,wt
1021,51,0,10.41,16.611293261760093,PFU,wt
1022,51,0,9.6,557404445.6331073,CFU,sp
1023,51,0,9.88,2.0139996995704967,PFU,sp
1024,51,1,9.63,834067468.0867445,CFU,wt
1025,51,1,9.69,13.415622373009622,PFU,wt
1026,51,1,9.64,562850179.9905821,CFU,sp
1027,51,1,9.58,1.8327769411898545,PFU,sp
1028,51,2,9.73,849702823.7476032,CFU,wt
1029,51,2,9.8,13.878976538887496,PFU,wt
1030,51,2,9.97,608585677.2999554,CFU,sp
1031,51,2,9.82,1.9767146507310924,PFU,sp
1032,51,3,10.15,913428505.1819831,CFU,wt
1033,51,3,9.51,12.677476695101348,PFU,wt
1034,51,3,10.18,638347455.2376904,CFU,sp
1035,51,3,9.540000000000001,1.8095877898593282,PFU,sp
1036,51,4,9.72,848146382.3140684,CFU,wt
1037,51,4,9.85,14.09263062625721,PFU,wt
1038,51,4,10.23,645497445.9307353,CFU,sp
1039,51,4,9.66,1.8798376854003747,PFU,sp
1040,52,0,9.56,823033724.6464955,CFU,wt
1041,52,0,10.040000000000001,14.921591681048358,PFU,wt
1042,52,0,10.44,675754698.2841866,CFU,sp
1043,52,0,10.16,2.1949905005966563,PFU,sp
1044,52,1,10.09,904539280.502946,CFU,wt
1045,52,1,9.9,14.308168163009231,PFU,wt
1046,52,1,9.77,580701112.233315,CFU,sp
1047,52,1,10.27,2.269280721671142,PFU,sp
1048,52,2,9.97,886535303.4868376,CFU,wt
1049,52,2,10.11,15.233720648428031,PFU,wt
1050,52,2,10.42,672858731.2190572,CFU,sp
1051,52,2,10.43,2.3805853316478496,PFU,sp
1052,52,3,10.48,960851647.4219812,CFU,wt
1053,52,3,9.67,13.332370347476232,PFU,wt
1054,52,3,10.22,644065640.1075661,CFU,sp
1055,52,3,10.07,2.1355505259067873,PFU,sp
1056,52,4,9.56,823033724.6464955,CFU,wt
1057,52,4,9.93,14.438389874118831,PFU,wt
1058,52,4,10.19,639775626.5567847,CFU,sp
1059,52,4,10.200000000000001,2.221795650145617,PFU,sp
1060,53,0,9.96,885021908.4125593,CFU,wt
1061,53,0,10.05,14.965961978223815,PFU,wt
1062,53,0,9.78,582083572.593656,CFU,sp
1063,53,0,10.47,2.409015865131187,PFU,sp
1064,53,1,10.13,910474040.0766499,CFU,wt
1065,53,1,9.620000000000001,13.125587128630942,PFU,wt
1066,53,1,10.02,615629920.9113946,CFU,sp
1067,53,1,10.16,2.1949905005966563,PFU,sp
1068,53,2,10.39,948175646.8602537,CFU,wt
1069,53,2,10.1,15.188911774451281,PFU,wt
1070,53,2,10.06,621284828.0287479,CFU,sp
1071,53,2,9.65,1.8739051423350492,PFU,sp
1072,53,3,9.66,838774313.0619631,CFU,wt
1073,53,3,9.86,14.135587827239535,PFU,wt
1074,53,3,10.39,668520036.7853725,CFU,sp
1075,53,3,10.450000000000001,2.394770294150412,PFU,sp
1076,53,4,9.68,841904602.6184922,CFU,wt
1077,53,4,9.93,14.438389874118831,PFU,wt
1078,53,4,10.36,664187890.2310096,CFU,sp
1079,53,4,10.15,2.1883265268374097,PFU,sp
1080,54,0,9.99,889556191.2544571,CFU,wt
1081,54,0,10.26,15.914517954949915,PFU,wt
1082,54,0,9.72,573808439.9068229,CFU,sp
1083,54,0,9.92,2.0391483842460514,PFU,sp
1084,54,1,10.21,922239132.60098,CFU,wt
1085,54,1,9.55,12.839338027954154,PFU,wt
1086,54,1,9.53,547929866.9483417,CFU,sp
1087,54,1,9.52,1.7980781003504585,PFU,sp
1088,54,2,9.5,813522527.1471375,CFU,wt
1089,54,2,10.31,16.145020691058896,PFU,wt
1090,54,2,10.22,644065640.1075661,CFU,sp
1091,54,2,9.86,2.0015130522779327,PFU,sp
1092,54,3,10.33,939614972.6696973,CFU,wt
1093,54,3,9.69,13.415622373009622,PFU,wt
1094,54,3,9.74,576561550.16902,CFU,sp
1095,54,3,9.53,1.8038258839469776,PFU,sp
1096,54,4,9.69,843467419.9247674,CFU,wt
1097,54,4,10.26,15.914517954949915,PFU,wt
1098,54,4,10.36,664187890.2310096,CFU,sp
1099,54,4,9.84,1.9890847362881583,PFU,sp
1100,55,0,10.1,906026169.6171653,CFU,wt
1101,55,0,10.26,15.914517954949915,PFU,wt
1102,55,0,10.21,642634728.5465033,CFU,sp
1103,55,0,9.57,1.8269583939513974,PFU,sp
1104,55,1,9.61,830922142.151673,CFU,wt
1105,55,1,10.16,15.458853621820715,PFU,wt
1106,55,1,9.5,543891466.3222998,CFU,sp
1107,55,1,9.86,2.0015130522779327,PFU,sp
1108,55,2,9.86,869782880.0812458,CFU,wt
1109,55,2,9.88,14.221727876290752,PFU,wt
1110,55,2,9.540000000000001,549278981.2910464,CFU,sp
1111,55,2,10.21,2.2285342983489693,PFU,sp
1112,55,3,10.14,911952358.6011204,CFU,wt
1113,55,3,10.32,16.191333006820585,PFU,wt
1114,55,3,9.68,568318345.8691064,CFU,sp
1115,55,3,10.41,2.3664609238126335,PFU,sp
1116,55,4,9.68,841904602.6184922,CFU,wt
1117,55,4,10.09,15.144175728699977,PFU,wt
1118,55,4,9.73,575184329.8266332,CFU,sp
1119,55,4,9.83,1.9828924210665455,PFU,sp
1120,56,0,9.9,875901044.6084628,CFU,wt
1121,56,0,10.47,16.89438664444527,PFU,wt
1122,56,0,10.42,672858731.2190572,CFU,sp
1123,56,0,9.63,1.8620829431115984,PFU,sp
1124,56,1,10.19,919311142.2228388,CFU,wt
1125,56,1,10.34,16.284168449740495,PFU,wt
1126,56,1,10.21,642634728.5465033,CFU,sp
1127,56,1,9.9,2.026544777578475,PFU,sp
1128,56,2,9.94,881989280.8423325,CFU,wt
1129,56,2,10.13,15.323556446254667,PFU,wt
1130,56,2,10.09,625537008.2506065,CFU,sp
1131,56,2,9.8,1.964402693290318,PFU,sp
1132,56,3,10.25,928068013.1804616,CFU,wt
1133,56,3,9.82,13.964211426265848,PFU,wt
1134,56,3,10.14,632644189.539313,CFU,sp
1135,56,3,10.27,2.269280721671142,PFU,sp
1136,56,4,10.4,949593957.4233278,CFU,wt
1137,56,4,9.51,12.677476695101348,PFU,wt
1138,56,4,10.120000000000001,629798340.6520368,CFU,sp
1139,56,4,9.74,1.9278145450434554,PFU,sp
1140,57,0,10.06,900065983.7588294,CFU,wt
1141,57,0,10.31,16.145020691058896,PFU,wt
1142,57,0,10.41,671411788.8738114,CFU,sp
1143,57,0,9.61,1.850317830059554,PFU,sp
1144,57,1,9.64,835637917.5720638,CFU,wt
1145,57,1,9.870000000000001,14.178620275002961,PFU,wt
1146,57,1,10.07,622701189.1182187,CFU,sp
1147,57,1,10.41,2.3664609238126335,PFU,sp
1148,57,2,10.31,936742292.29243,CFU,wt
1149,57,2,9.85,14.09263062625721,PFU,wt
1150,57,2,9.73,575184329.8266332,CFU,sp
1151,57,2,9.92,2.0391483842460514,PFU,sp
1152,57,3,10.43,953834181.7642231,CFU,wt
1153,57,3,10.13,15.323556446254667,PFU,wt
1154,57,3,10.33,659862560.5594113,CFU,sp
1155,57,3,9.69,1.8977212598789999,PFU,sp
1156,57,4,10.13,910474040.0766499,CFU,wt
1157,57,4,9.8,13.878976538887496,PFU,wt
1158,57,4,10.48,681554679.4014564,CFU,sp
1159,57,4,9.89,2.020264928579003,PFU,sp
1160,58,0,10.16,914902468.2649488,CFU,wt
1161,58,0,9.52,12.717825115780357,PFU,wt
1162,58,0,9.71,572433888.5068696,CFU,sp
1163,58,0,9.5,1.78662483856921,PFU,sp
1164,58,1,9.790000000000001,859006711.9406546,CFU,wt
1165,58,1,10.01,14.788922008062805,PFU,wt
1166,58,1,10.26,649798132.6701256,CFU,sp
1167,58,1,9.55,1.8153638333731181,PFU,sp
1168,58,2,9.92,878948957.5501267,CFU,wt
1169,58,2,10.31,16.145020691058896,PFU,wt
1170,58,2,9.64,562850179.9905821,CFU,sp
1171,58,2,10.47,2.409015865131187,PFU,sp
1172,58,3,10.28,932415619.991849,CFU,wt
1173,58,3,9.77,13.751692865570204,PFU,wt
1174,58,3,9.85,591796431.1990068,CFU,sp
1175,58,3,10.1,2.155230054096748,PFU,sp
1176,58,4,9.540000000000001,819868644.300565,CFU,wt
1177,58,4,9.74,13.625093681413588,PFU,wt
1178,58,4,10.31,656982926.6577199,CFU,sp
1179,58,4,9.73,1.9217670904351152,PFU,sp
1180,59,0,10.24,926614207.8295062,CFU,wt
1181,59,0,9.64,13.208069137800392,PFU,wt
1182,59,0,10.450000000000001,677203702.8536592,CFU,sp
1183,59,0,9.81,1.9705514124471357,PFU,sp
1184,59,1,10.290000000000001,933860184.0165012,CFU,wt
1185,59,1,10.34,16.284168449740495,PFU,wt
1186,59,1,9.76,579319949.5570649,CFU,sp
1187,59,1,10.13,2.1750432881985367,PFU,sp
1188,59,2,9.74,851257634.2383628,CFU,wt
1189,59,2,9.53,12.758251523651435,PFU,wt
1190,59,2,9.91,600169836.9108927,CFU,sp
1191,59,2,9.65,1.8739051423350492,PFU,sp
1192,59,3,9.78,857460274.6562958,CFU,wt
1193,59,3,9.63,13.166789535490281,PFU,wt
1194,59,3,9.91,600169836.9108927,CFU,sp
1195,59,3,9.88,2.0139996995704967,PFU,sp
1196,59,4,10.36,943906139.8961943,CFU,wt
1197,59,4,9.66,13.29085962154809,PFU,wt
1198,59,4,10.21,642634728.5465033,CFU,sp
1199,59,4,9.56,1.8211540296948254,PFU,sp
1200,60,0,9.84,866712846.6173913,CFU,wt
1201,60,0,9.55,12.839338027954154,PFU,wt
1202,60,0,9.93,602970495.2419388,CFU,sp
1203,60,0,10.4,2.359421410611001,PFU,sp
1204,60,1,10.15,913428505.1819831,CFU,wt
1205,60,1,10.01,14.788922008062805,PFU,wt
1206,60,1,10.040000000000001,618455248.7459301,CFU,sp
1207,60,1,9.78,1.952148760214323,PFU,sp
1208,60,2,9.68,841904602.6184922,CFU,wt
1209,60,2,10.25,15.86863000573792,PFU,wt
1210,60,2,9.8,584852353.247795,CFU,sp
1211,60,2,9.93,2.045472166030543,PFU,sp
1212,60,3,10.35,942478144.5060289,CFU,wt
1213,60,3,9.51,12.677476695101348,PFU,wt
1214,60,3,10.08,624118585.5978843,CFU,sp
1215,60,3,10.120000000000001,2.1684240036396005,PFU,sp
1216,60,4,9.57,824614214.7775011,CFU,wt
1217,60,4,10.03,14.877294850849355,PFU,wt
1218,60,4,9.75,577940092.8016031,CFU,sp
1219,60,4,10.43,2.3805853316478496,PFU,sp
1220,61,0,10.25,928068013.1804616,CFU,wt
1221,61,0,10.4,16.56435253013662,PFU,wt
1222,61,0,9.56,551981636.8221196,CFU,sp
1223,61,0,10.05,2.1225049833744496,PFU,sp
1224,61,1,9.98,888046735.4057192,CFU,wt
1225,61,1,9.88,14.221727876290752,PFU,wt
1226,61,1,9.58,554690145.0264009,CFU,sp
1227,61,1,10.09,2.148655368836563,PFU,sp
1228,61,2,10.46,958052151.5246236,CFU,wt
1229,61,2,10.36,16.37728416856217,PFU,wt
1230,61,2,10.25,648363701.8669971,CFU,sp
1231,61,2,10.28,2.276124296955474,PFU,sp
1232,61,3,9.65,837206870.9774934,CFU,wt
1233,61,3,9.92,14.394907927779638,PFU,wt
1234,61,3,10.13,631220775.2622567,CFU,sp
1235,61,3,9.64,1.8679868997032907,PFU,sp
1236,61,4,9.700000000000001,845028665.5795715,CFU,wt
1237,61,4,10.47,16.89438664444527,PFU,wt
1238,61,4,10.27,651233419.1159284,CFU,sp
1239,61,4,9.78,1.952148760214323,PFU,sp
1240,62,0,10.18,917843798.1328845,CFU,wt
1241,62,0,9.84,14.049748764627612,PFU,wt
1242,62,0,10.33,659862560.5594113,CFU,sp
1243,62,0,10.06,2.1290203473691904,PFU,sp
1244,62,1,10.1,906026169.6171653,CFU,wt
1245,62,1,9.66,13.29085962154809,PFU,wt
1246,62,1,9.620000000000001,560124477.7745786,CFU,sp
1247,62,1,10.09,2.148655368836563,PFU,sp
1248,62,2,9.81,862094418.6826407,CFU,wt
1249,62,2,9.540000000000001,12.798755850658885,PFU,wt
1250,62,2,10.35,662745343.0077696,CFU,sp
1251,62,2,9.97,2.0709140931819894,PFU,sp
1252,62,3,10.19,919311142.2228388,CFU,wt
1253,62,3,9.85,14.09263062625721,PFU,wt
1254,62,3,9.700000000000001,571060683.6887938,CFU,sp
1255,62,3,9.91,2.032839258765961,PFU,sp
1256,62,4,10.4,949593957.4233278,CFU,wt
1257,62,4,10.200000000000001,15.640259680890503,PFU,wt
1258,62,4,9.97,608585677.2999554,CFU,sp
1259,62,4,10.22,2.2352879093996423,PFU,sp
1260,63,0,9.9,875901044.6084628,CFU,wt
1261,63,0,9.8,13.878976538887496,PFU,wt
1262,63,0,10.39,668520036.7853725,CFU,sp
1263,63,0,9.91,2.032839258765961,PFU,sp
1264,63,1,9.81,862094418.6826407,CFU,wt
1265,63,1,10.47,16.89438664444527,PFU,wt
1266,63,1,10.05,619869511.5180517,CFU,sp
1267,63,1,10.38,2.3453877301376194,PFU,sp
1268,63,2,9.53,818284085.7060536,CFU,wt
1269,63,2,9.85,14.09263062625721,PFU,wt
1270,63,2,10.09,625537008.2506065,CFU,sp
1271,63,2,9.68,1.8917457299881903,PFU,sp
1272,63,3,10.28,932415619.991849,CFU,wt
1273,63,3,9.56,12.879997985898708,PFU,wt
1274,63,3,9.78,582083572.593656,CFU,sp
1275,63,3,10.01,2.0965914577956117,PFU,sp
1276,63,4,10.35,942478144.5060289,CFU,wt
1277,63,4,10.07,15.054922553125454,PFU,wt
1278,63,4,9.84,590405120.5487965,CFU,sp
1279,63,4,10.36,2.331414462327754,PFU,sp
1280,64,0,9.82,863635659.7214118,CFU,wt
1281,64,0,10.1,15.188911774451281,PFU,wt
1282,64,0,10.32,658422345.1101258,CFU,sp
1283,64,0,9.64,1.8679868997032907,PFU,sp
1284,64,1,10.47,959453153.7804425,CFU,wt
1285,64,1,10.040000000000001,14.921591681048358,PFU,wt
1286,64,1,9.57,553335163.0929943,CFU,sp
1287,64,1,9.700000000000001,1.903711146939256,PFU,sp
1288,64,2,10.32,938179816.0406895,CFU,wt
1289,64,2,10.38,16.470679189271515,PFU,wt
1290,64,2,9.84,590405120.5487965,CFU,sp
1291,64,2,9.59,1.8386096863768955,PFU,sp
1292,64,3,9.53,818284085.7060536,CFU,wt
1293,64,3,9.78,13.794044818033061,PFU,wt
1294,64,3,9.84,590405120.5487965,CFU,sp
1295,64,3,10.46,2.4018855002849073,PFU,sp
1296,64,4,10.46,958052151.5246236,CFU,wt
1297,64,4,9.75,13.66721721137656,PFU,wt
1298,64,4,9.91,600169836.9108927,CFU,sp
1299,64,4,9.96,2.064531567929469,PFU,sp
1300,65,0,10.1,906026169.6171653,CFU,wt
1301,65,0,9.96,14.569282799514133,PFU,wt
1302,65,0,10.31,656982926.6577199,CFU,sp
1303,65,0,9.53,1.8038258839469776,PFU,sp
1304,65,1,10.08,903050278.4456488,CFU,wt
1305,65,1,9.93,14.438389874118831,PFU,wt
1306,65,1,10.36,664187890.2310096,CFU,sp
1307,65,1,9.75,1.9338764258269734,PFU,sp
1308,65,2,10.14,911952358.6011204,CFU,wt
1309,65,2,10.08,15.099512619136053,PFU,wt
1310,65,2,10.47,680103703.5450561,CFU,sp
1311,65,2,10.36,2.331414462327754,PFU,sp
1312,65,3,9.6,829347296.4933684,CFU,wt
1313,65,3,10.17,15.504097165088675,PFU,wt
1314,65,3,9.74,576561550.16902,CFU,sp
1315,65,3,9.700000000000001,1.903711146939256,PFU,sp
1316,65,4,10.450000000000001,956648649.4802656,CFU,wt
1317,65,4,9.870000000000001,14.178620275002961,PFU,wt
1318,65,4,10.290000000000001,654106520.0492346,CFU,sp
1319,65,4,9.82,1.9767146507310924,PFU,sp
1320,66,0,10.15,913428505.1819831,CFU,wt
1321,66,0,9.92,14.394907927779638,PFU,wt
1322,66,0,10.08,624118585.5978843,CFU,sp
1323,66,0,10.13,2.1750432881985367,PFU,sp
1324,66,1,9.9,875901044.6084628,CFU,wt
1325,66,1,10.11,15.233720648428031,PFU,wt
1326,66,1,9.6,557404445.6331073,CFU,sp
1327,66,1,9.53,1.8038258839469776,PFU,sp
1328,66,2,10.33,939614972.6696973,CFU,wt
1329,66,2,9.56,12.879997985898708,PFU,wt
1330,66,2,9.78,582083572.593656,CFU,sp
1331,66,2,10.05,2.1225049833744496,PFU,sp
1332,66,3,9.84,866712846.6173913,CFU,wt
1333,66,3,10.01,14.788922008062805,PFU,wt
1334,66,3,10.06,621284828.0287479,CFU,sp
1335,66,3,10.49,2.423322096682312,PFU,sp
1336,66,4,10.02,894072574.397305,CFU,wt
1337,66,4,9.68,13.373957957842572,PFU,wt
1338,66,4,9.66,565581490.232745,CFU,sp
1339,66,4,9.92,2.0391483842460514,PFU,sp
1340,67,0,10.06,900065983.7588294,CFU,wt
1341,67,0,9.92,14.394907927779638,PFU,wt
1342,67,0,9.96,607180170.6639886,CFU,sp
1343,67,0,9.67,1.8857845432093363,PFU,sp
1344,67,1,9.52,816698202.6721646,CFU,wt
1345,67,1,10.120000000000001,15.278602242076394,PFU,wt
1346,67,1,9.68,568318345.8691064,CFU,sp
1347,67,1,10.4,2.359421410611001,PFU,sp
1348,67,2,10.09,904539280.502946,CFU,wt
1349,67,2,9.56,12.879997985898708,PFU,wt
1350,67,2,9.92,601569581.026694,CFU,sp
1351,67,2,10.48,2.416161395147008,PFU,sp
1352,67,3,10.120000000000001,908993561.2451407,CFU,wt
1353,67,3,9.51,12.677476695101348,PFU,wt
1354,67,3,9.65,564215138.0092676,CFU,sp
1355,67,3,9.55,1.8153638333731181,PFU,sp
1356,67,4,9.8,860551431.364297,CFU,wt
1357,67,4,9.73,13.583046462847301,PFU,wt
1358,67,4,9.89,597373893.8841513,CFU,sp
1359,67,4,9.64,1.8679868997032907,PFU,sp
1360,68,0,10.42,952423234.1791701,CFU,wt
1361,68,0,10.36,16.37728416856217,PFU,wt
1362,68,0,9.9,598771271.629141,CFU,sp
1363,68,0,9.75,1.9338764258269734,PFU,sp
1364,68,1,9.78,857460274.6562958,CFU,wt
1365,68,1,9.540000000000001,12.798755850658885,PFU,wt
1366,68,1,10.28,652669551.4887767,CFU,sp
1367,68,1,9.88,2.0139996995704967,PFU,sp
1368,68,2,9.6,829347296.4933684,CFU,wt
1369,68,2,10.36,16.37728416856217,PFU,wt
1370,68,2,10.41,671411788.8738114,CFU,sp
1371,68,2,9.76,1.9399527463278667,PFU,sp
1372,68,3,9.790000000000001,859006711.9406546,CFU,wt
1373,68,3,9.700000000000001,13.457363512592579,PFU,wt
1374,68,3,9.67,566949228.813818,CFU,sp
1375,68,3,9.92,2.0391483842460514,PFU,sp
1376,68,4,10.03,895573998.3736597,CFU,wt
1377,68,4,10.31,16.145020691058896,PFU,wt
1378,68,4,9.96,607180170.6639886,CFU,sp
1379,68,4,10.14,2.181677459301268,PFU,sp
1380,69,0,10.31,936742292.29243,CFU,wt
1381,69,0,10.46,16.847032543489306,PFU,wt
1382,69,0,10.25,648363701.8669971,CFU,sp
1383,69,0,10.11,2.1618195956352046,PFU,sp
1384,69,1,9.74,851257634.2383628,CFU,wt
1385,69,1,10.46,16.847032543489306,PFU,wt
1386,69,1,9.85,591796431.1990068,CFU,sp
1387,69,1,10.22,2.2352879093996423,PFU,sp
1388,69,2,10.35,942478144.5060289,CFU,wt
1389,69,2,9.63,13.166789535490281,PFU,wt
1390,69,2,9.59,556046575.0697403,CFU,sp
1391,69,2,9.67,1.8857845432093363,PFU,sp
1392,69,3,10.36,943906139.8961943,CFU,wt
1393,69,3,10.22,15.731393463638813,PFU,wt
1394,69,3,9.52,546582238.1029042,CFU,sp
1395,69,3,10.34,2.3175015474069998,PFU,sp
1396,69,4,9.8,860551431.364297,CFU,wt
1397,69,4,9.950000000000001,14.525577408262016,PFU,wt
1398,69,4,10.39,668520036.7853725,CFU,sp
1399,69,4,9.540000000000001,1.8095877898593282,PFU,sp
1400,70,0,9.59,827771016.3369578,CFU,wt
1401,70,0,9.52,12.717825115780357,PFU,wt
1402,70,0,10.4,669965554.0541176,CFU,sp
1403,70,0,10.21,2.2285342983489693,PFU,sp
1404,70,1,10.4,949593957.4233278,CFU,wt
1405,70,1,10.39,16.517481131340535,PFU,wt
1406,70,1,9.700000000000001,571060683.6887938,CFU,sp
1407,70,1,10.3,2.289856528701241,PFU,sp
1408,70,2,9.65,837206870.9774934,CFU,wt
1409,70,2,9.86,14.135587827239535,PFU,wt
1410,70,2,9.89,597373893.8841513,CFU,sp
1411,70,2,9.55,1.8153638333731181,PFU,sp
1412,70,3,9.63,834067468.0867445,CFU,wt
1413,70,3,9.8,13.878976538887496,PFU,wt
1414,70,3,10.48,681554679.4014564,CFU,sp
1415,70,3,10.200000000000001,2.221795650145617,PFU,sp
1416,70,4,9.6,829347296.4933684,CFU,wt
1417,70,4,10.05,14.965961978223815,PFU,wt
1418,70,4,9.700000000000001,571060683.6887938,CFU,sp
1419,70,4,10.47,2.409015865131187,PFU,sp
1420,71,0,10.43,953834181.7642231,CFU,wt
1421,71,0,10.13,15.323556446254667,PFU,wt
1422,71,0,10.05,619869511.5180517,CFU,sp
1423,71,0,9.92,2.0391483842460514,PFU,sp
1424,71,1,10.46,958052151.5246236,CFU,wt
1425,71,1,9.76,13.709416967936633,PFU,wt
1426,71,1,10.26,649798132.6701256,CFU,sp
1427,71,1,9.83,1.9828924210665455,PFU,sp
1428,71,2,9.540000000000001,819868644.300565,CFU,wt
1429,71,2,9.81,13.921556131218795,PFU,wt
1430,71,2,9.5,543891466.3222998,CFU,sp
1431,71,2,10.06,2.1290203473691904,PFU,sp
1432,71,3,10.22,923699756.6941139,CFU,wt
1433,71,3,10.370000000000001,16.423946827359867,PFU,wt
1434,71,3,10.15,634068574.099449,CFU,sp
1435,71,3,10.11,2.1618195956352046,PFU,sp
1436,71,4,9.72,848146382.3140684,CFU,wt
1437,71,4,9.56,12.879997985898708,PFU,wt
1438,71,4,9.870000000000001,594582735.6546824,CFU,sp
1439,71,4,10.3,2.289856528701241,PFU,sp
1440,72,0,10.040000000000001,897073382.8758206,CFU,wt
1441,72,0,9.74,13.625093681413588,PFU,wt
1442,72,0,10.120000000000001,629798340.6520368,CFU,sp
1443,72,0,10.14,2.181677459301268,PFU,sp
1444,72,1,9.790000000000001,859006711.9406546,CFU,wt
1445,72,1,10.27,15.960476927299679,PFU,wt
1446,72,1,10.35,662745343.0077696,CFU,sp
1447,72,1,9.57,1.8269583939513974,PFU,sp
1448,72,2,9.82,863635659.7214118,CFU,wt
1449,72,2,9.86,14.135587827239535,PFU,wt
1450,72,2,9.92,601569581.026694,CFU,sp
1451,72,2,9.98,2.0773113333943547,PFU,sp
1452,72,3,9.67,840340228.6472453,CFU,wt
1453,72,3,10.08,15.099512619136053,PFU,wt
1454,72,3,10.36,664187890.2310096,CFU,sp
1455,72,3,9.74,1.9278145450434554,PFU,sp
1456,72,4,10.38,946754900.7233524,CFU,wt
1457,72,4,9.91,14.351500658534222,PFU,wt
1458,72,4,10.0,612808917.2196454,CFU,sp
1459,72,4,9.870000000000001,2.0077490782637892,PFU,sp
1460,73,0,10.23,925158118.7328824,CFU,wt
1461,73,0,10.3,16.09877880596074,PFU,wt
1462,73,0,9.8,584852353.247795,CFU,sp
1463,73,0,10.02,2.103047671375725,PFU,sp
1464,73,1,9.98,888046735.4057192,CFU,wt
1465,73,1,9.93,14.438389874118831,PFU,wt
1466,73,1,9.69,569688833.479197,CFU,sp
1467,73,1,9.61,1.850317830059554,PFU,sp
1468,73,2,9.9,875901044.6084628,CFU,wt
1469,73,2,10.200000000000001,15.640259680890503,PFU,wt
1470,73,2,10.31,656982926.6577199,CFU,sp
1471,73,2,9.78,1.952148760214323,PFU,sp
1472,73,3,9.94,881989280.8423325,CFU,wt
1473,73,3,9.67,13.332370347476232,PFU,wt
1474,73,3,10.36,664187890.2310096,CFU,sp
1475,73,3,9.72,1.9157340483729457,PFU,sp
1476,73,4,10.09,904539280.502946,CFU,wt
1477,73,4,9.75,13.66721721137656,PFU,wt
1478,73,4,10.200000000000001,641204720.840393,CFU,sp
1479,73,4,10.4,2.359421410611001,PFU,sp
1480,74,0,10.49,962247623.7106284,CFU,wt
1481,74,0,9.53,12.758251523651435,PFU,wt
1482,74,0,9.96,607180170.6639886,CFU,sp
1483,74,0,9.68,1.8917457299881903,PFU,sp
1484,74,1,9.5,813522527.1471375,CFU,wt
1485,74,1,9.6,13.043414203910297,PFU,wt
1486,74,1,9.74,576561550.16902,CFU,sp
1487,74,1,10.200000000000001,2.221795650145617,PFU,sp
1488,74,2,9.540000000000001,819868644.300565,CFU,wt
1489,74,2,9.51,12.677476695101348,PFU,wt
1490,74,2,9.91,600169836.9108927,CFU,sp
1491,74,2,9.74,1.9278145450434554,PFU,sp
1492,74,3,9.97,886535303.4868376,CFU,wt
1493,74,3,10.03,14.877294850849355,PFU,wt
1494,74,3,9.82,587626224.9401932,CFU,sp
1495,74,3,9.5,1.78662483856921,PFU,sp
1496,74,4,9.71,846588324.6613617,CFU,wt
1497,74,4,9.56,12.879997985898708,PFU,wt
1498,74,4,10.14,632644189.539313,CFU,sp
1499,74,4,10.450000000000001,2.394770294150412,PFU,sp
1500,75,0,9.92,878948957.5501267,CFU,wt
1501,75,0,10.040000000000001,14.921591681048358,PFU,wt
1502,75,0,10.09,625537008.2506065,CFU,sp
1503,75,0,9.97,2.0709140931819894,PFU,sp
1504,75,1,9.58,826193317.2294844,CFU,wt
1505,75,1,10.24,15.822813196599881,PFU,wt
1506,75,1,10.15,634068574.099449,CFU,sp
1507,75,1,9.68,1.8917457299881903,PFU,sp
1508,75,2,9.56,823033724.6464955,CFU,wt
1509,75,2,10.0,14.74484620226212,PFU,wt
1510,75,2,9.58,554690145.0264009,CFU,sp
1511,75,2,10.03,2.109518656202034,PFU,sp
1512,75,3,10.0,891063658.195832,CFU,wt
1513,75,3,9.52,12.717825115780357,PFU,wt
1514,75,3,10.26,649798132.6701256,CFU,sp
1515,75,3,10.4,2.359421410611001,PFU,sp
1516,75,4,10.24,926614207.8295062,CFU,wt
1517,75,4,10.02,14.833071591952354,PFU,wt
1518,75,4,10.15,634068574.099449,CFU,sp
1519,75,4,9.790000000000001,1.9582684802469414,PFU,sp
1520,76,0,9.83,865175140.3770976,CFU,wt
1521,76,0,9.58,12.961550961248753,PFU,wt
1522,76,0,10.03,617042048.843183,CFU,sp
1523,76,0,10.18,2.208363205441945,PFU,sp
1524,76,1,10.01,892569123.470495,CFU,wt
1525,76,1,9.72,13.54107563974984,PFU,wt
1526,76,1,10.09,625537008.2506065,CFU,sp
1527,76,1,9.63,1.8620829431115984,PFU,sp
1528,76,2,9.58,826193317.2294844,CFU,wt
1529,76,2,10.02,14.833071591952354,PFU,wt
1530,76,2,9.5,543891466.3222998,CFU,sp
1531,76,2,9.69,1.8977212598789999,PFU,sp
1532,76,3,9.76,854362303.832552,CFU,wt
1533,76,3,10.1,15.188911774451281,PFU,wt
1534,76,3,9.89,597373893.8841513,CFU,sp
1535,76,3,9.92,2.0391483842460514,PFU,sp
1536,76,4,10.0,891063658.195832,CFU,wt
1537,76,4,9.55,12.839338027954154,PFU,wt
1538,76,4,9.84,590405120.5487965,CFU,sp
1539,76,4,9.76,1.9399527463278667,PFU,sp
1540,77,0,10.09,904539280.502946,CFU,wt
1541,77,0,10.4,16.56435253013662,PFU,wt
1542,77,0,9.98,609992309.8908358,CFU,sp
1543,77,0,9.85,1.9952916091405475,PFU,sp
1544,77,1,9.58,826193317.2294844,CFU,wt
1545,77,1,10.34,16.284168449740495,PFU,wt
1546,77,1,9.52,546582238.1029042,CFU,sp
1547,77,1,10.49,2.423322096682312,PFU,sp
1548,77,2,9.83,865175140.3770976,CFU,wt
1549,77,2,10.07,15.054922553125454,PFU,wt
1550,77,2,10.21,642634728.5465033,CFU,sp
1551,77,2,10.35,2.32445046455817,PFU,sp
1552,77,3,9.78,857460274.6562958,CFU,wt
1553,77,3,9.64,13.208069137800392,PFU,wt
1554,77,3,9.69,569688833.479197,CFU,sp
1555,77,3,9.65,1.8739051423350492,PFU,sp
1556,77,4,10.35,942478144.5060289,CFU,wt
1557,77,4,10.21,15.685790771023841,PFU,wt
1558,77,4,9.56,551981636.8221196,CFU,sp
1559,77,4,9.82,1.9767146507310924,PFU,sp
1560,78,0,9.65,837206870.9774934,CFU,wt
1561,78,0,10.370000000000001,16.423946827359867,PFU,wt
1562,78,0,10.02,615629920.9113946,CFU,sp
1563,78,0,9.58,1.8327769411898545,PFU,sp
1564,78,1,9.65,837206870.9774934,CFU,wt
1565,78,1,10.22,15.731393463638813,PFU,wt
1566,78,1,9.86,593188972.4144278,CFU,sp
1567,78,1,10.18,2.208363205441945,PFU,sp
1568,78,2,9.76,854362303.832552,CFU,wt
1569,78,2,10.4,16.56435253013662,PFU,wt
1570,78,2,10.02,615629920.9113946,CFU,sp
1571,78,2,9.63,1.8620829431115984,PFU,sp
1572,78,3,9.700000000000001,845028665.5795715,CFU,wt
1573,78,3,9.53,12.758251523651435,PFU,wt
1574,78,3,9.620000000000001,560124477.7745786,CFU,sp
1575,78,3,9.61,1.850317830059554,PFU,sp
1576,78,4,9.950000000000001,883506563.1748086,CFU,wt
1577,78,4,9.71,13.499181295462542,PFU,wt
1578,78,4,9.81,586238656.8966845,CFU,sp
1579,78,4,10.24,2.2488400562708377,PFU,sp
1580,79,0,9.9,875901044.6084628,CFU,wt
1581,79,0,9.55,12.839338027954154,PFU,wt
1582,79,0,10.16,635493919.5319427,CFU,sp
1583,79,0,9.73,1.9217670904351152,PFU,sp
1584,79,1,10.48,960851647.4219812,CFU,wt
1585,79,1,9.61,13.084461993075369,PFU,wt
1586,79,1,10.28,652669551.4887767,CFU,sp
1587,79,1,9.91,2.032839258765961,PFU,sp
1588,79,2,9.700000000000001,845028665.5795715,CFU,wt
1589,79,2,9.59,13.002443835453093,PFU,wt
1590,79,2,9.61,558763749.0894246,CFU,sp
1591,79,2,10.41,2.3664609238126335,PFU,sp
1592,79,3,10.08,903050278.4456488,CFU,wt
1593,79,3,10.18,15.549412764504313,PFU,wt
1594,79,3,10.19,639775626.5567847,CFU,sp
1595,79,3,9.5,1.78662483856921,PFU,sp
1596,79,4,9.69,843467419.9247674,CFU,wt
1597,79,4,9.63,13.166789535490281,PFU,wt
1598,79,4,10.09,625537008.2506065,CFU,sp
1599,79,4,10.290000000000001,2.2829828965113816,PFU,sp
1600,80,0,10.03,895573998.3736597,CFU,wt
1601,80,0,10.450000000000001,16.799747022348743,PFU,wt
1602,80,0,10.28,652669551.4887767,CFU,sp
1603,80,0,9.99,2.0837233000146513,PFU,sp
1604,80,1,10.290000000000001,933860184.0165012,CFU,wt
1605,80,1,10.120000000000001,15.278602242076394,PFU,wt
1606,80,1,10.13,631220775.2622567,CFU,sp
1607,80,1,10.47,2.409015865131187,PFU,sp
1608,80,2,9.88,872845649.2952325,CFU,wt
1609,80,2,10.34,16.284168449740495,PFU,wt
1610,80,2,9.69,569688833.479197,CFU,sp
1611,80,2,9.55,1.8153638333731181,PFU,sp
1612,80,3,10.120000000000001,908993561.2451407,CFU,wt
1613,80,3,10.47,16.89438664444527,PFU,wt
1614,80,3,10.35,662745343.0077696,CFU,sp
1615,80,3,9.71,1.9097154051414986,PFU,sp
1616,80,4,9.69,843467419.9247674,CFU,wt
1617,80,4,9.700000000000001,13.457363512592579,PFU,wt
1618,80,4,10.41,671411788.8738114,CFU,sp
1619,80,4,10.43,2.3805853316478496,PFU,sp
1620,81,0,10.33,939614972.6696973,CFU,wt
1621,81,0,9.53,12.758251523651435,PFU,wt
1622,81,0,10.14,632644189.539313,CFU,sp
1623,81,0,9.88,2.0139996995704967,PFU,sp
1624,81,1,10.16,914902468.2649488,CFU,wt
1625,81,1,10.1,15.188911774451281,PFU,wt
1626,81,1,10.040000000000001,618455248.7459301,CFU,sp
1627,81,1,9.67,1.8857845432093363,PFU,sp
1628,81,2,10.44,955242656.560186,CFU,wt
1629,81,2,9.88,14.221727876290752,PFU,wt
1630,81,2,9.66,565581490.232745,CFU,sp
1631,81,2,9.56,1.8211540296948254,PFU,sp
1632,81,3,9.71,846588324.6613617,CFU,wt
1633,81,3,10.1,15.188911774451281,PFU,wt
1634,81,3,9.78,582083572.593656,CFU,sp
1635,81,3,10.040000000000001,2.1160044232440085,PFU,sp
1636,81,4,9.58,826193317.2294844,CFU,wt
1637,81,4,9.68,13.373957957842572,PFU,wt
1638,81,4,9.52,546582238.1029042,CFU,sp
1639,81,4,9.81,1.9705514124471357,PFU,sp
1640,82,0,10.34,941047752.1420034,CFU,wt
1641,82,0,10.46,16.847032543489306,PFU,wt
1642,82,0,10.07,622701189.1182187,CFU,sp
1643,82,0,9.52,1.7980781003504585,PFU,sp
1644,82,1,10.290000000000001,933860184.0165012,CFU,wt
1645,82,1,10.31,16.145020691058896,PFU,wt
1646,82,1,10.16,635493919.5319427,CFU,sp
1647,82,1,9.84,1.9890847362881583,PFU,sp
1648,82,2,10.28,932415619.991849,CFU,wt
1649,82,2,10.11,15.233720648428031,PFU,wt
1650,82,2,10.35,662745343.0077696,CFU,sp
1651,82,2,9.59,1.8386096863768955,PFU,sp
1652,82,3,10.39,948175646.8602537,CFU,wt
1653,82,3,10.120000000000001,15.278602242076394,PFU,wt
1654,82,3,10.25,648363701.8669971,CFU,sp
1655,82,3,9.85,1.9952916091405475,PFU,sp
1656,82,4,10.42,952423234.1791701,CFU,wt
1657,82,4,10.27,15.960476927299679,PFU,wt
1658,82,4,9.88,595977712.3465495,CFU,sp
1659,82,4,10.36,2.331414462327754,PFU,sp
1660,83,0,10.290000000000001,933860184.0165012,CFU,wt
1661,83,0,10.24,15.822813196599881,PFU,wt
1662,83,0,9.9,598771271.629141,CFU,sp
1663,83,0,9.69,1.8977212598789999,PFU,sp
1664,83,1,9.620000000000001,832495537.8249065,CFU,wt
1665,83,1,9.66,13.29085962154809,PFU,wt
1666,83,1,10.05,619869511.5180517,CFU,sp
1667,83,1,10.25,2.2556386099497834,PFU,sp
1668,83,2,10.15,913428505.1819831,CFU,wt
1669,83,2,9.64,13.208069137800392,PFU,wt
1670,83,2,10.03,617042048.843183,CFU,sp
1671,83,2,9.870000000000001,2.0077490782637892,PFU,sp
1672,83,3,9.700000000000001,845028665.5795715,CFU,wt
1673,83,3,9.63,13.166789535490281,PFU,wt
1674,83,3,9.51,545236102.1188676,CFU,sp
1675,83,3,9.82,1.9767146507310924,PFU,sp
1676,83,4,9.540000000000001,819868644.300565,CFU,wt
1677,83,4,9.700000000000001,13.457363512592579,PFU,wt
1678,83,4,10.49,683006292.0569648,CFU,sp
1679,83,4,9.790000000000001,1.9582684802469414,PFU,sp
1680,84,0,9.88,872845649.2952325,CFU,wt
1681,84,0,10.17,15.504097165088675,PFU,wt
1682,84,0,9.55,550629573.7289388,CFU,sp
1683,84,0,10.23,2.242056492380134,PFU,sp
1684,84,1,9.620000000000001,832495537.8249065,CFU,wt
1685,84,1,9.64,13.208069137800392,PFU,wt
1686,84,1,9.97,608585677.2999554,CFU,sp
1687,84,1,10.23,2.242056492380134,PFU,sp
1688,84,2,10.13,910474040.0766499,CFU,wt
1689,84,2,10.08,15.099512619136053,PFU,wt
1690,84,2,10.31,656982926.6577199,CFU,sp
1691,84,2,9.6,1.8444566443985035,PFU,sp
1692,84,3,10.290000000000001,933860184.0165012,CFU,wt
1693,84,3,10.42,16.65830320184622,PFU,wt
1694,84,3,9.97,608585677.2999554,CFU,sp
1695,84,3,9.950000000000001,2.05816374609394,PFU,sp
1696,84,4,10.200000000000001,920776257.4253217,CFU,wt
1697,84,4,9.540000000000001,12.798755850658885,PFU,wt
1698,84,4,9.51,545236102.1188676,CFU,sp
1699,84,4,9.620000000000001,1.8561932580834235,PFU,sp
1700,85,0,9.78,857460274.6562958,CFU,wt
1701,85,0,9.67,13.332370347476232,PFU,wt
1702,85,0,9.74,576561550.16902,CFU,sp
1703,85,0,10.01,2.0965914577956117,PFU,sp
1704,85,1,10.18,917843798.1328845,CFU,wt
1705,85,1,10.19,15.59480030748533,PFU,wt
1706,85,1,10.01,614218874.0227146,CFU,sp
1707,85,1,10.35,2.32445046455817,PFU,sp
1708,85,2,9.700000000000001,845028665.5795715,CFU,wt
1709,85,2,9.9,14.308168163009231,PFU,wt
1710,85,2,9.73,575184329.8266332,CFU,sp
1711,85,2,10.08,2.142095529568214,PFU,sp
1712,85,3,10.370000000000001,945331728.5330423,CFU,wt
1713,85,3,10.25,15.86863000573792,PFU,wt
1714,85,3,9.790000000000001,583467322.3669512,CFU,sp
1715,85,3,10.41,2.3664609238126335,PFU,sp
1716,85,4,9.74,851257634.2383628,CFU,wt
1717,85,4,10.05,14.965961978223815,PFU,wt
1718,85,4,10.290000000000001,654106520.0492346,CFU,sp
1719,85,4,10.43,2.3805853316478496,PFU,sp
1720,86,0,10.41,951009822.9787076,CFU,wt
1721,86,0,9.97,14.613062474763932,PFU,wt
1722,86,0,9.620000000000001,560124477.7745786,CFU,sp
1723,86,0,10.07,2.1355505259067873,PFU,sp
1724,86,1,10.26,929519524.0666704,CFU,wt
1725,86,1,9.74,13.625093681413588,PFU,wt
1726,86,1,10.16,635493919.5319427,CFU,sp
1727,86,1,9.63,1.8620829431115984,PFU,sp
1728,86,2,10.03,895573998.3736597,CFU,wt
1729,86,2,9.75,13.66721721137656,PFU,wt
1730,86,2,10.450000000000001,677203702.8536592,CFU,sp
1731,86,2,9.67,1.8857845432093363,PFU,sp
1732,86,3,9.66,838774313.0619631,CFU,wt
1733,86,3,9.55,12.839338027954154,PFU,wt
1734,86,3,10.48,681554679.4014564,CFU,sp
1735,86,3,10.14,2.181677459301268,PFU,sp
1736,86,4,9.57,824614214.7775011,CFU,wt
1737,86,4,9.81,13.921556131218795,PFU,wt
1738,86,4,9.56,551981636.8221196,CFU,sp
1739,86,4,9.82,1.9767146507310924,PFU,sp
1740,87,0,9.73,849702823.7476032,CFU,wt
1741,87,0,9.92,14.394907927779638,PFU,wt
1742,87,0,9.85,591796431.1990068,CFU,sp
1743,87,0,10.35,2.32445046455817,PFU,sp
1744,87,1,10.48,960851647.4219812,CFU,wt
1745,87,1,10.25,15.86863000573792,PFU,wt
1746,87,1,10.040000000000001,618455248.7459301,CFU,sp
1747,87,1,10.16,2.1949905005966563,PFU,sp
1748,87,2,10.370000000000001,945331728.5330423,CFU,wt
1749,87,2,10.11,15.233720648428031,PFU,wt
1750,87,2,9.76,579319949.5570649,CFU,sp
1751,87,2,10.26,2.262452162192376,PFU,sp
1752,87,3,9.51,815111011.1502727,CFU,wt
1753,87,3,9.93,14.438389874118831,PFU,wt
1754,87,3,9.67,566949228.813818,CFU,sp
1755,87,3,9.88,2.0139996995704967,PFU,sp
1756,87,4,10.120000000000001,908993561.2451407,CFU,wt
1757,87,4,10.23,15.777067643942512,PFU,wt
1758,87,4,9.63,561486623.9875553,CFU,sp
1759,87,4,10.27,2.269280721671142,PFU,sp
1760,88,0,9.81,862094418.6826407,CFU,wt
1761,88,0,10.09,15.144175728699977,PFU,wt
1762,88,0,10.13,631220775.2622567,CFU,sp
1763,88,0,10.05,2.1225049833744496,PFU,sp
1764,88,1,9.91,877425943.1087157,CFU,wt
1765,88,1,9.85,14.09263062625721,PFU,wt
1766,88,1,10.13,631220775.2622567,CFU,sp
1767,88,1,10.48,2.416161395147008,PFU,sp
1768,88,2,10.31,936742292.29243,CFU,wt
1769,88,2,9.5,12.637206328874479,PFU,wt
1770,88,2,9.83,589015048.971146,CFU,sp
1771,88,2,10.32,2.303648923912703,PFU,sp
1772,88,3,9.63,834067468.0867445,CFU,wt
1773,88,3,9.96,14.569282799514133,PFU,wt
1774,88,3,10.42,672858731.2190572,CFU,sp
1775,88,3,9.69,1.8977212598789999,PFU,sp
1776,88,4,10.09,904539280.502946,CFU,wt
1777,88,4,10.13,15.323556446254667,PFU,wt
1778,88,4,9.9,598771271.629141,CFU,sp
1779,88,4,9.68,1.8917457299881903,PFU,sp
1780,89,0,9.51,815111011.1502727,CFU,wt
1781,89,0,9.98,14.656916334109104,PFU,wt
1782,89,0,10.13,631220775.2622567,CFU,sp
1783,89,0,9.75,1.9338764258269734,PFU,sp
1784,89,1,9.97,886535303.4868376,CFU,wt
1785,89,1,9.700000000000001,13.457363512592579,PFU,wt
1786,89,1,10.4,669965554.0541176,CFU,sp
1787,89,1,9.5,1.78662483856921,PFU,sp
1788,89,2,10.06,900065983.7588294,CFU,wt
1789,89,2,10.25,15.86863000573792,PFU,wt
1790,89,2,10.4,669965554.0541176,CFU,sp
1791,89,2,10.32,2.303648923912703,PFU,sp
1792,89,3,10.13,910474040.0766499,CFU,wt
1793,89,3,9.91,14.351500658534222,PFU,wt
1794,89,3,9.66,565581490.232745,CFU,sp
1795,89,3,9.870000000000001,2.0077490782637892,PFU,sp
1796,89,4,10.34,941047752.1420034,CFU,wt
1797,89,4,9.72,13.54107563974984,PFU,wt
1798,89,4,10.19,639775626.5567847,CFU,sp
1799,89,4,9.96,2.064531567929469,PFU,sp
1800,90,0,9.64,835637917.5720638,CFU,wt
1801,90,0,10.28,16.006506805325788,PFU,wt
1802,90,0,9.61,558763749.0894246,CFU,sp
1803,90,0,10.19,2.2150719556052456,PFU,sp
1804,90,1,9.56,823033724.6464955,CFU,wt
1805,90,1,9.61,13.084461993075369,PFU,wt
1806,90,1,9.81,586238656.8966845,CFU,sp
1807,90,1,10.1,2.155230054096748,PFU,sp
1808,90,2,9.67,840340228.6472453,CFU,wt
1809,90,2,10.01,14.788922008062805,PFU,wt
1810,90,2,10.25,648363701.8669971,CFU,sp
1811,90,2,10.040000000000001,2.1160044232440085,PFU,sp
1812,90,3,9.99,889556191.2544571,CFU,wt
1813,90,3,10.120000000000001,15.278602242076394,PFU,wt
1814,90,3,9.81,586238656.8966845,CFU,sp
1815,90,3,10.18,2.208363205441945,PFU,sp
1816,90,4,9.63,834067468.0867445,CFU,wt
1817,90,4,10.34,16.284168449740495,PFU,wt
1818,90,4,10.38,667075247.0725609,CFU,sp
1819,90,4,10.43,2.3805853316478496,PFU,sp
1820,91,0,10.08,903050278.4456488,CFU,wt
1821,91,0,9.540000000000001,12.798755850658885,PFU,wt
1822,91,0,9.81,586238656.8966845,CFU,sp
1823,91,0,9.84,1.9890847362881583,PFU,sp
1824,91,1,9.94,881989280.8423325,CFU,wt
1825,91,1,10.24,15.822813196599881,PFU,wt
1826,91,1,9.64,562850179.9905821,CFU,sp
1827,91,1,9.59,1.8386096863768955,PFU,sp
1828,91,2,10.35,942478144.5060289,CFU,wt
1829,91,2,9.64,13.208069137800392,PFU,wt
1830,91,2,9.98,609992309.8908358,CFU,sp
1831,91,2,9.89,2.020264928579003,PFU,sp
1832,91,3,9.72,848146382.3140684,CFU,wt
1833,91,3,10.07,15.054922553125454,PFU,wt
1834,91,3,10.14,632644189.539313,CFU,sp
1835,91,3,9.91,2.032839258765961,PFU,sp
1836,91,4,9.74,851257634.2383628,CFU,wt
1837,91,4,10.16,15.458853621820715,PFU,wt
1838,91,4,9.93,602970495.2419388,CFU,sp
1839,91,4,9.51,1.7923444237054276,PFU,sp
1840,92,0,10.47,959453153.7804425,CFU,wt
1841,92,0,9.85,14.09263062625721,PFU,wt
1842,92,0,9.98,609992309.8908358,CFU,sp
1843,92,0,10.1,2.155230054096748,PFU,sp
1844,92,1,10.44,955242656.560186,CFU,wt
1845,92,1,9.73,13.583046462847301,PFU,wt
1846,92,1,10.34,661303563.1509303,CFU,sp
1847,92,1,10.46,2.4018855002849073,PFU,sp
1848,92,2,9.63,834067468.0867445,CFU,wt
1849,92,2,10.11,15.233720648428031,PFU,wt
1850,92,2,9.97,608585677.2999554,CFU,sp
1851,92,2,10.370000000000001,2.3383935483459957,PFU,sp
1852,92,3,10.23,925158118.7328824,CFU,wt
1853,92,3,9.57,12.92073565406688,PFU,wt
1854,92,3,9.790000000000001,583467322.3669512,CFU,sp
1855,92,3,9.74,1.9278145450434554,PFU,sp
1856,92,4,10.450000000000001,956648649.4802656,CFU,wt
1857,92,4,10.48,16.94180919815293,PFU,wt
1858,92,4,10.43,674306371.044318,CFU,sp
1859,92,4,9.65,1.8739051423350492,PFU,sp
1860,93,0,10.290000000000001,933860184.0165012,CFU,wt
1861,93,0,9.88,14.221727876290752,PFU,wt
1862,93,0,9.91,600169836.9108927,CFU,sp
1863,93,0,10.11,2.1618195956352046,PFU,sp
1864,93,1,9.65,837206870.9774934,CFU,wt
1865,93,1,9.870000000000001,14.178620275002961,PFU,wt
1866,93,1,9.94,604372570.7903229,CFU,sp
1867,93,1,9.67,1.8857845432093363,PFU,sp
1868,93,2,9.6,829347296.4933684,CFU,wt
1869,93,2,9.94,14.481946400262409,PFU,wt
1870,93,2,9.59,556046575.0697403,CFU,sp
1871,93,2,10.07,2.1355505259067873,PFU,sp
1872,93,3,10.39,948175646.8602537,CFU,wt
1873,93,3,9.96,14.569282799514133,PFU,wt
1874,93,3,10.48,681554679.4014564,CFU,sp
1875,93,3,9.99,2.0837233000146513,PFU,sp
1876,93,4,9.89,874374275.4966784,CFU,wt
1877,93,4,10.07,15.054922553125454,PFU,wt
1878,93,4,10.46,678653374.6484076,CFU,sp
1879,93,4,10.01,2.0965914577956117,PFU,sp
1880,94,0,9.83,865175140.3770976,CFU,wt
1881,94,0,10.24,15.822813196599881,PFU,wt
1882,94,0,10.46,678653374.6484076,CFU,sp
1883,94,0,10.38,2.3453877301376194,PFU,sp
1884,94,1,10.4,949593957.4233278,CFU,wt
1885,94,1,9.88,14.221727876290752,PFU,wt
1886,94,1,9.64,562850179.9905821,CFU,sp
1887,94,1,10.26,2.262452162192376,PFU,sp
1888,94,2,10.33,939614972.6696973,CFU,wt
1889,94,2,9.71,13.499181295462542,PFU,wt
1890,94,2,9.68,568318345.8691064,CFU,sp
1891,94,2,10.06,2.1290203473691904,PFU,sp
1892,94,3,9.83,865175140.3770976,CFU,wt
1893,94,3,9.53,12.758251523651435,PFU,wt
1894,94,3,10.07,622701189.1182187,CFU,sp
1895,94,3,10.08,2.142095529568214,PFU,sp
1896,94,4,9.92,878948957.5501267,CFU,wt
1897,94,4,10.16,15.458853621820715,PFU,wt
1898,94,4,10.21,642634728.5465033,CFU,sp
1899,94,4,9.83,1.9828924210665455,PFU,sp
1900,95,0,10.46,958052151.5246236,CFU,wt
1901,95,0,10.23,15.777067643942512,PFU,wt
1902,95,0,9.64,562850179.9905821,CFU,sp
1903,95,0,10.44,2.3876702401623247,PFU,sp
1904,95,1,9.98,888046735.4057192,CFU,wt
1905,95,1,9.56,12.879997985898708,PFU,wt
1906,95,1,9.74,576561550.16902,CFU,sp
1907,95,1,9.790000000000001,1.9582684802469414,PFU,sp
1908,95,2,9.870000000000001,871315179.6001583,CFU,wt
1909,95,2,10.27,15.960476927299679,PFU,wt
1910,95,2,10.32,658422345.1101258,CFU,sp
1911,95,2,9.85,1.9952916091405475,PFU,sp
1912,95,3,10.200000000000001,920776257.4253217,CFU,wt
1913,95,3,10.34,16.284168449740495,PFU,wt
1914,95,3,10.0,612808917.2196454,CFU,sp
1915,95,3,9.61,1.850317830059554,PFU,sp
1916,95,4,9.59,827771016.3369578,CFU,wt
1917,95,4,10.36,16.37728416856217,PFU,wt
1918,95,4,10.24,646930136.3981134,CFU,sp
1919,95,4,9.870000000000001,2.0077490782637892,PFU,sp
1920,96,0,9.75,852810799.1297272,CFU,wt
1921,96,0,10.07,15.054922553125454,PFU,wt
1922,96,0,9.97,608585677.2999554,CFU,sp
1923,96,0,9.99,2.0837233000146513,PFU,sp
1924,96,1,10.05,898570715.459231,CFU,wt
1925,96,1,10.1,15.188911774451281,PFU,wt
1926,96,1,10.27,651233419.1159284,CFU,sp
1927,96,1,10.08,2.142095529568214,PFU,sp
1928,96,2,10.35,942478144.5060289,CFU,wt
1929,96,2,10.1,15.188911774451281,PFU,wt
1930,96,2,9.72,573808439.9068229,CFU,sp
1931,96,2,10.15,2.1883265268374097,PFU,sp
1932,96,3,10.41,951009822.9787076,CFU,wt
1933,96,3,9.85,14.09263062625721,PFU,wt
1934,96,3,10.24,646930136.3981134,CFU,sp
1935,96,3,9.69,1.8977212598789999,PFU,sp
1936,96,4,9.75,852810799.1297272,CFU,wt
1937,96,4,9.97,14.613062474763932,PFU,wt
1938,96,4,10.02,615629920.9113946,CFU,sp
1939,96,4,9.790000000000001,1.9582684802469414,PFU,sp
1940,97,0,10.4,949593957.4233278,CFU,wt
1941,97,0,9.51,12.677476695101348,PFU,wt
1942,97,0,9.66,565581490.232745,CFU,sp
1943,97,0,9.75,1.9338764258269734,PFU,sp
1944,97,1,10.07,901559175.4893551,CFU,wt
1945,97,1,10.4,16.56435253013662,PFU,wt
1946,97,1,9.93,602970495.2419388,CFU,sp
1947,97,1,10.25,2.2556386099497834,PFU,sp
1948,97,2,9.66,838774313.0619631,CFU,wt
1949,97,2,9.83,14.006942334233644,PFU,wt
1950,97,2,9.51,545236102.1188676,CFU,sp
1951,97,2,10.11,2.1618195956352046,PFU,sp
1952,97,3,9.69,843467419.9247674,CFU,wt
1953,97,3,10.19,15.59480030748533,PFU,wt
1954,97,3,10.09,625537008.2506065,CFU,sp
1955,97,3,9.78,1.952148760214323,PFU,sp
1956,97,4,10.18,917843798.1328845,CFU,wt
1957,97,4,10.47,16.89438664444527,PFU,wt
1958,97,4,10.13,631220775.2622567,CFU,sp
1959,97,4,9.75,1.9338764258269734,PFU,sp
1960,98,0,10.36,943906139.8961943,CFU,wt
1961,98,0,10.450000000000001,16.799747022348743,PFU,wt
1962,98,0,10.39,668520036.7853725,CFU,sp
1963,98,0,10.0,2.0901500043958743,PFU,sp
1964,98,1,10.48,960851647.4219812,CFU,wt
1965,98,1,10.06,15.010405637434095,PFU,wt
1966,98,1,9.85,591796431.1990068,CFU,sp
1967,98,1,9.83,1.9828924210665455,PFU,sp
1968,98,2,10.38,946754900.7233524,CFU,wt
1969,98,2,10.42,16.65830320184622,PFU,wt
1970,98,2,9.88,595977712.3465495,CFU,sp
1971,98,2,9.78,1.952148760214323,PFU,sp
1972,98,3,10.21,922239132.60098,CFU,wt
1973,98,3,10.02,14.833071591952354,PFU,wt
1974,98,3,9.69,569688833.479197,CFU,sp
1975,98,3,10.03,2.109518656202034,PFU,sp
1976,98,4,10.1,906026169.6171653,CFU,wt
1977,98,4,10.08,15.099512619136053,PFU,wt
1978,98,4,9.89,597373893.8841513,CFU,sp
1979,98,4,9.96,2.064531567929469,PFU,sp
1980,99,0,10.040000000000001,897073382.8758206,CFU,wt
1981,99,0,10.33,16.23771563322219,PFU,wt
1982,99,0,10.13,631220775.2622567,CFU,sp
1983,99,0,10.290000000000001,2.2829828965113816,PFU,sp
1984,99,1,10.01,892569123.470495,CFU,wt
1985,99,1,10.26,15.914517954949915,PFU,wt
1986,99,1,10.36,664187890.2310096,CFU,sp
1987,99,1,10.34,2.3175015474069998,PFU,sp
1988,99,2,10.46,958052151.5246236,CFU,wt
1989,99,2,9.74,13.625093681413588,PFU,wt
1990,99,2,9.97,608585677.2999554,CFU,sp
1991,99,2,9.72,1.9157340483729457,PFU,sp
1992,99,3,9.68,841904602.6184922,CFU,wt
1993,99,3,10.35,16.33069133535699,PFU,wt
1994,99,3,10.33,659862560.5594113,CFU,sp
1995,99,3,9.700000000000001,1.903711146939256,PFU,sp
1996,99,4,10.33,939614972.6696973,CFU,wt
1997,99,4,10.44,16.75253020764834,PFU,wt
1998,99,4,10.07,622701189.1182187,CFU,sp
1999,99,4,10.41,2.3664609238126335,PFU,sp
